"","lag","log(R/S)","x1","fit","se.fit"
"1","Lag 2",-1.12859724565157,79059524.6040307,-0.213965488745279,0.266287561964054
"2","Lag 2",-0.197260082727847,23347775.9865334,1.43731166539131,0.24278461043176
"3","Lag 2",-0.946483600203675,58266263.1919942,0.368195715970348,0.235042522454491
"4","Lag 2",0.85830730311864,55226850.5341779,0.457450448149455,0.232206764907334
"5","Lag 2",-1.4516140787578,404970393.195223,-1.38633085062228,0.580263319651587
"6","Lag 2",-1.59720487728489,113737935.254468,-1.0509335003113,0.336668287185152
"7","Lag 2",-0.317371257505693,72520697.3261809,-0.0366569094028568,0.254697023878469
"8","Lag 2",1.61602965769781,20473912.7348603,1.52804939171895,0.247490934052892
"9","Lag 2",3.12021224681381,6372145.96691798,1.97461924864559,0.277834309179865
"10","Lag 2",3.28197690869376,9941374.63094721,1.86150615504161,0.269135220337012
"11","Lag 2",2.05866270084188,15848997.5574098,1.67435949095547,0.256193058549889
"12","Lag 2",0.834902159270303,43520299.2062181,0.809336859157092,0.22707968858644
"13","Lag 2",-0.899128846375588,128761060.659092,-1.3532386542082,0.365655455168072
"14","Lag 2",-1.99094417064936,195045854.722321,-2.22738490750657,0.449339423086976
"15","Lag 2",-1.03613225755073,110919151.422448,-0.989953496974607,0.330956630892125
"16","Lag 2",-0.828061799756275,46510175.8463052,0.718346376542886,0.227446794851088
"17","Lag 2",-0.507511795174303,45589286.0041211,0.746296765810448,0.227261520940666
"18","Lag 2",0.0180431061359466,58504936.3810873,0.361227567686146,0.235288529014965
"19","Lag 2",0.976582769780459,24233064.5335102,1.40939761217896,0.24144932196216
"20","Lag 2",2.35731944392564,10340943.0259429,1.84884422640601,0.268200596175236
"21","Lag 2",2.51511831164901,7073452.91491944,1.95239344204664,0.276076771075553
"22","Lag 2",3.08482899472006,11355299.4838168,1.8167017800363,0.265865027991712
"23","Lag 2",2.40771516006354,14240433.1672069,1.72529910395982,0.259524390368171
"24","Lag 2",2.01982799896201,16336903.6129355,1.65891267930548,0.25521267085746
"25","Lag 2",2.66610546616027,13930597.5410474,1.73511291802263,0.26018318418208
"26","Lag 2",1.86624201015642,31857574.7007964,1.17002039372974,0.232320924521487
"27","Lag 2",1.38223530230907,20812285.1302063,1.51735724374945,0.246907922831074
"28","Lag 2",0.645170070716783,46456429.5054771,0.71997577149792,0.227434235727715
"29","Lag 2",-0.189946067695058,47825323.6892607,0.678550268936553,0.227820885835068
"30","Lag 2",0.691095813241268,38093529.7297871,0.976144981059219,0.228182757560298
"31","Lag 2",0.934367191102709,49940500.1749251,0.614854637843482,0.228687081939484
"32","Lag 2",1.77154886086778,36259952.2488488,1.03293177668282,0.229080749932864
"33","Lag 2",1.35095531927917,23811007.0470487,1.42270306106778,0.242079052573434
"34","Lag 2",1.4681568899855,16134877.9452361,1.66530843229327,0.255616892910075
"35","Lag 2",1.75616946819112,17930125.2702104,1.60848888874014,0.252111696556998
"36","Lag 2",0.239568854993022,31599773.9300566,1.17807751917861,0.23255770701285
"37","Lag 2",-0.469793847539239,73072785.0000193,-0.0518435767184736,0.255626707288217
"38","Lag 2",0.500933635398705,56325707.2503527,0.425072212767566,0.23316713244023
"39","Lag 2",1.90212838890045,37807762.6582526,0.984982215473343,0.228305182180038
"110","Lag 3",-1.41695939472549,79059524.6040307,-0.0729549206369239,0.248536717408346
"210","Lag 3",-0.0319620830460823,23347775.9865334,1.48451240046799,0.218773848951168
"310","Lag 3",0.804733310950297,58266263.1919942,0.48259854402857,0.210687064120305
"41","Lag 3",0.540750624716411,55226850.5341779,0.566940290176632,0.207112240028111
"51","Lag 3",-2.86712184998867,404970393.195223,-2.78581895488248,0.631790162917629
"61","Lag 3",-0.767396244534633,113737935.254468,-0.898518823378414,0.329119153438243
"71","Lag 3",0.351309182464468,72520697.3261809,0.0974049329521556,0.23473229188469
"81","Lag 3",1.95299701990407,20473912.7348603,1.56904298655733,0.224355926259561
"91","Lag 3",3.7267459133156,6372145.96691798,1.98482794450867,0.259855684416097
"101","Lag 3",2.52506364961706,9941374.63094721,1.87952734197374,0.249765012588336
"111","Lag 3",1.84502338420332,15848997.5574098,1.70529360348597,0.234625187176216
"121","Lag 3",0.185602119843222,43520299.2062181,0.89790649984381,0.200339537008164
"131","Lag 3",-1.57566793119319,128761060.659092,-1.21072203915056,0.36128906474328
"141","Lag 3",-1.6005653705309,195045854.722321,-2.24169475258871,0.452570997142175
"151","Lag 3",-1.69719224606126,110919151.422448,-0.836729941611382,0.322726100699275
"161","Lag 3",-0.527510186367184,46510175.8463052,0.812534281779404,0.200915698291967
"171","Lag 3",0.267481506532569,45589286.0041211,0.838772672564311,0.200649158095823
"181","Lag 3",0.095189640177552,58504936.3810873,0.476006180363365,0.210995261990481
"191","Lag 3",1.50571250692501,24233064.5335102,1.45850120398832,0.21718706290515
"201","Lag 3",2.13535599534041,10340943.0259429,1.86773979322617,0.248676905102582
"211","Lag 3",3.55816479420201,7073452.91491944,1.96413732773219,0.257822255425281
"221","Lag 3",2.63411593479984,11355299.4838168,1.83781670246923,0.245954310218688
"231","Lag 3",2.157169248498,14240433.1672069,1.7527215978555,0.238537339492766
"241","Lag 3",2.50676657491269,16336903.6129355,1.69091092489736,0.233471837569439
"251","Lag 3",2.69342950524472,13930597.5410474,1.76185852056259,0.23930973530471
"261","Lag 3",0.956503567978951,31857574.7007964,1.23525837396168,0.206330666727554
"271","Lag 3",1.44814150055588,20812285.1302063,1.55908378496039,0.22366542476354
"281","Lag 3",-0.160905657641942,46456429.5054771,0.814064223082748,0.200897991629335
"291","Lag 3",0.463584974081723,47825323.6892607,0.77515343803558,0.201431091623983
"301","Lag 3",1.20515504707544,38093529.7297871,1.05410955450896,0.201481098914499
"311","Lag 3",1.45143044896517,49940500.1749251,0.715266212440639,0.202584387406927
"321","Lag 3",0.930389385597679,36259952.2488488,1.10720821925169,0.202515769501265
"331","Lag 3",1.07899219612985,23811007.0470487,1.47090007854568,0.21793554592688
"341","Lag 3",1.86166848153126,16134877.9452361,1.69686611926362,0.233947485192608
"351","Lag 3",0.806236547229185,17930125.2702104,1.64395788549721,0.229817716950422
"361","Lag 3",0.368512185219812,31599773.9300566,1.24277900146303,0.206611450276093
"371","Lag 3",0.240628679021459,73072785.0000193,0.0828581596895552,0.235847927625598
"381","Lag 3",1.50349178893473,56325707.2503527,0.53636521704433,0.208327935349319
"391","Lag 3",1.61710571613975,37807762.6582526,1.06237521333059,0.201620742610171
"112","Lag 4",-1.25166139504373,79059524.6040307,-0.0324879241892705,0.241557898974237
"212","Lag 4",1.71925482810789,23347775.9865334,1.49039880708849,0.215209207877281
"312","Lag 4",0.487176632548069,58266263.1919942,0.506991381479188,0.205789255088937
"42","Lag 4",-0.874757146514455,55226850.5341779,0.589371126809583,0.2024839860767
"52","Lag 4",-2.03731321723841,404970393.195223,-1.7507595998804,0.606963930812649
"62","Lag 4",-0.0987158045644719,113737935.254468,-0.818735601912728,0.318846571757863
"72","Lag 4",0.688276544670734,72520697.3261809,0.132279409047457,0.228427023362841
"82","Lag 4",2.55953068640586,20473912.7348603,1.57365780755717,0.220690421915656
"92","Lag 4",2.9698326542389,6372145.96691798,1.98332505606425,0.255318202636405
"102","Lag 4",2.3114243329785,9941374.63094721,1.87956515450243,0.245498802149705
"113","Lag 4",1.19572334477623,15848997.5574098,1.70788822718242,0.230737086075625
"122","Lag 4",-0.49093696497438,43520299.2062181,0.913533532584679,0.196540060609127
"132","Lag 4",-1.18528913107473,128761060.659092,-1.10827449060768,0.349833341146947
"142","Lag 4",-2.26162535904143,195045854.722321,-1.99630956835855,0.43769171107032
"152","Lag 4",-1.39664063267217,110919151.422448,-0.760801308055996,0.312693659546544
"162","Lag 4",0.247483115339687,46510175.8463052,0.829795583040936,0.196943465840177
"172","Lag 4",0.344628040574174,45589286.0041211,0.855523707624519,0.196733398807317
"182","Lag 4",0.6243193773221,58504936.3810873,0.500556871329776,0.206075614330595
"192","Lag 4",1.28374905833978,24233064.5335102,1.46478275466049,0.213647261261983
"202","Lag 4",3.17840247789341,10340943.0259429,1.86795016435336,0.244439198948289
"213","Lag 4",3.10745173428179,7073452.91491944,1.96293711561985,0.253340336599815
"222","Lag 4",2.3835700232343,11355299.4838168,1.83846527525068,0.241787165369888
"232","Lag 4",2.64410782444868,14240433.1672069,1.75461839523608,0.234555953835989
"242","Lag 4",2.53409061399714,16336903.6129355,1.69371758616637,0.229610487172256
"252","Lag 4",1.78369106306725,13930597.5410474,1.76362109075104,0.235309509357686
"262","Lag 4",1.02240976622577,31857574.7007964,1.24503720026706,0.202874065825162
"272","Lag 4",0.642065772197159,20812285.1302063,1.56384753965389,0.220013357732392
"282","Lag 4",0.492625384134839,46456429.5054771,0.831295569200645,0.196929132063647
"292","Lag 4",0.977644207915891,47825323.6892607,0.793154604741016,0.197373444935197
"302","Lag 4",1.7222183049379,38093529.7297871,1.06692235876674,0.197910508328041
"313","Lag 4",0.610270973695071,49940500.1749251,0.734485920010031,0.198378338030675
"322","Lag 4",0.658426262448366,36259952.2488488,1.11910902732579,0.198995749319138
"332","Lag 4",1.47250378767561,23811007.0470487,1.47699302153747,0.214384277860628
"342","Lag 4",0.911735560569316,16134877.9452361,1.69958495913347,0.230075147331497
"352","Lag 4",0.935179877455975,17930125.2702104,1.6474584685707,0.226038498158088
"362","Lag 4",1.07893471178051,31599773.9300566,1.2524362308331,0.203156002267492
"372","Lag 4",1.24318683255749,73072785.0000193,0.118184646917154,0.229485864568033
"382","Lag 4",1.21846911617402,56325707.2503527,0.559495205441003,0.203604163469634
