Year,Age3to7Pcodabun,PCod_RA2,PCod_RA3,FHS_TBM,EBS_mean_NBT,EBS_Std_Error,EBS_NBT_3yr_min,EBS_NBT_RA3_final_year,EBS_NBT_RA3_midyear,EBS_NBT_RA2,E166_mean_NBT,E166_Std_Error,E166_NBT_RA3_final_year,E166_NBT_RA3_midyear,E166_NBT_RA2,W166_mean_NBT,W166_Std_Error,W166_NBT_RA3_final_year,W166_NBT_RA3_midyear,W166_NBT_RA2,AO_jfm,AO_RA2,AO_RA3,SE.wind.May.Sep,NW.wind.May.Sep,PDO_jja,PDO_djf,PDO_RA2,PDO_RA3,D.90.May,D.90.June,D.90.July,D.90.May.June,D.90.JJ,D.90.MJ,D.75.May,D.75.June,D.75.July,D.75.May.June,D.75.JJ,D.75.MJ,D.60.May,D.60.June,D.60.July,D.60.May.June,D.60.JJ,D.60.MJ,D.45.May,D.45.June,D.45.July,D.45.May.June,D.45.JJ,D.45.MJ,D.30.May,D.30.June,D.30.July,D.30.May.June,D.30.JJ,D.30.MJ,D.15.May,D.15.June,D.15.July,D.15.May.June,D.15.JJ,D.15.MJ,D.0.May,D.0.June,D.0.July,D.0.May.June,D.0.JJ,D.0.MJ,D.neg.15.May,D.neg.15.June,D.neg.15.July,D.neg.15.May.June,D.neg.15.JJ,D.neg.15.MJ,D.neg.30.May,D.neg.30.June,D.neg.30.July,D.neg.30.May.June,D.neg.30.JJ,D.neg.30.MJ,D.neg.45.May,D.neg.45.June,D.neg.45.July,D.neg.45.May.June,D.neg.45.JJ,D.neg.45.MJ,D.neg.60.May,D.neg.60.June,D.neg.60.July,D.neg.60.May.June,D.neg.60.JJ,D.neg.60.MJ,D.neg.75.May,D.neg.75.June,D.neg.75.July,D.neg.75.May.June,D.neg.75.JJ,D.neg.75.MJ,D.neg.90.May,D.neg.90.June,D.neg.90.July,D.neg.90.May.June,D.neg.90.JJ,D.neg.90.MJ,April.sst,May.sst,June.sst,July.sst,April.May.sst,May.June.sst,June.July.sst,April.July.sst,May.July.sst,April.anom,May.anom,June.anom,July.anom,April.May.anom,May.June.anom,June.July.anom,April.July.anom,May.July.anom
1975,NA,NA,NA,NA,1.678358209,0.105367998,NA,NA,NA,NA,1.336486486,0.134876557,NA,NA,NA,2.1,0.150592052,NA,NA,NA,0.645,NA,NA,0.229892473,0.123870968,-1.336666667,-0.79,NA,NA,NA,NA,NA,NA,NA,NA,NA,NA,NA,NA,NA,NA,NA,NA,NA,NA,NA,NA,NA,NA,NA,NA,NA,NA,NA,NA,NA,NA,NA,NA,NA,NA,NA,NA,NA,NA,NA,NA,NA,NA,NA,NA,NA,NA,NA,NA,NA,NA,NA,NA,NA,NA,NA,NA,NA,NA,NA,NA,NA,NA,NA,NA,NA,NA,NA,NA,NA,NA,NA,NA,NA,NA,NA,NA,NA,NA,NA,NA,NA,NA,NA,NA,NA,NA,NA,NA,NA,NA,NA,NA,NA,NA,NA,NA,NA,NA
1976,NA,NA,NA,NA,1.547445255,0.141793094,NA,NA,2.140082636,1.612901732,1.25974026,0.189733595,NA,1.953186693,1.298113373,1.916666667,0.205423177,NA,2.387301587,2.008333334,0.760433333,0.702716667,NA,0.189462366,0.247096774,-0.003333333,-1.193333333,-0.991666667,NA,NA,NA,NA,NA,NA,NA,NA,NA,NA,NA,NA,NA,NA,NA,NA,NA,NA,NA,NA,NA,NA,NA,NA,NA,NA,NA,NA,NA,NA,NA,NA,NA,NA,NA,NA,NA,NA,NA,NA,NA,NA,NA,NA,NA,NA,NA,NA,NA,NA,NA,NA,NA,NA,NA,NA,NA,NA,NA,NA,NA,NA,NA,NA,NA,NA,NA,NA,NA,NA,NA,NA,NA,NA,NA,NA,NA,NA,NA,NA,NA,NA,NA,NA,NA,NA,NA,NA,NA,NA,NA,NA,NA,NA,NA,NA,NA
1977,106059,NA,NA,NA,3.194444444,0.107738324,1.547445255,2.140082636,2.664202467,2.37094485,3.263333333,0.174163573,1.953186693,2.742274531,2.261536797,3.145238095,0.137811094,2.387301587,2.677224068,2.530952381,-1.812,-0.525783334,-0.135522222,0.23655914,0.149247312,-0.04,1.316666667,0.061666667,-0.222222222,NA,NA,NA,NA,NA,NA,NA,NA,NA,NA,NA,NA,NA,NA,NA,NA,NA,NA,NA,NA,NA,NA,NA,NA,NA,NA,NA,NA,NA,NA,NA,NA,NA,NA,NA,NA,NA,NA,NA,NA,NA,NA,NA,NA,NA,NA,NA,NA,NA,NA,NA,NA,NA,NA,NA,NA,NA,NA,NA,NA,NA,NA,NA,NA,NA,NA,NA,NA,NA,NA,NA,NA,NA,NA,NA,NA,NA,NA,NA,NA,NA,NA,NA,NA,NA,NA,NA,NA,NA,NA,NA,NA,NA,NA,NA,NA
1978,109731,107895,NA,NA,3.250717703,0.084532858,1.547445255,2.664202467,3.862914409,3.222581074,3.70375,0.149412814,2.742274531,4.584897984,3.483541667,2.969767442,0.09304551,2.677224068,3.414473613,3.057502769,-0.951666667,-1.381833334,-0.667744445,0.18344086,0.221290323,-0.733333333,0.433333333,0.875,0.185555556,-1.323513608,3.096481085,1.083585297,1.559091627,2.425515822,1.44216384,-1.210030618,3.301327945,0.65674187,1.732159749,2.419799254,1.46771273,-1.014086041,3.281194762,0.185142571,1.787184048,2.249177365,1.393239423,-0.749033176,3.037453578,-0.299073888,1.720414707,1.925277756,1.223819151,-0.432934938,2.586714953,-0.762908957,1.536401947,1.47017365,0.970997627,-0.0873329,1.959695978,-1.17475304,1.247685933,0.914879638,0.652004219,0.264220732,1.199126961,-1.506539646,0.873942185,0.297238092,0.288577801,0.597768157,0.356839423,-1.735658064,0.440640721,-0.340659739,-0.094514718,0.89057867,-0.509766132,-1.846494253,-0.022689679,-0.955342172,-0.471166214,1.122697718,-1.341631968,-1.831494911,-0.484473816,-1.504919615,-0.815708511,1.278306773,-2.082067802,-1.691682217,-0.913241863,-1.951939273,-1.104661622,1.346801333,-2.680614156,-1.436584175,-1.279773986,-2.265937496,-1.318333868,1.323513608,-3.096481085,-1.083585297,-1.559091627,-2.425515822,-1.44216384,2.501481486,4.017037012,6.164074068,8.228518592,3.259259249,5.09055554,7.19629633,5.227777789,6.136543224,0.541538466,0.639135774,0.220598283,-0.469781511,0.59033712,0.429867028,-0.124591614,0.232872753,0.129984182
1979,177603,143667,131131,NA,5.143581081,0.158528643,3.194444444,3.862914409,3.706085706,4.197149392,6.787610619,0.238065757,4.584897984,4.564956464,5.24568031,4.128415301,0.171812028,3.414473613,3.169317619,3.549091372,-1.247,-1.099333334,-1.336888889,0.084946237,0.215698925,0.19,-0.726666667,-0.146666667,0.341111111,-1.566091728,1.899043612,0.660126973,0.693779146,1.486071399,0.685504021,-2.484098028,1.982272433,1.353010031,0.428752273,1.772518299,0.656028771,-3.232817154,1.930412665,1.953687691,0.134506641,1.938171007,0.581846243,-3.761225133,1.746998463,2.421224764,-0.168905396,1.971740563,0.468011856,-4.033311834,1.444529203,2.72375937,-0.46080681,1.870939259,0.322283234,-4.030535,1.043617665,2.840674277,-0.721305001,1.642636536,0.154591543,-3.753083866,0.571585308,2.764001926,-0.932647448,1.302390847,-0.023635307,-3.219866269,0.060600357,2.498967411,-1.080431513,0.873389375,-0.20025145,-2.467220107,-0.454514409,2.063632397,-1.154585956,0.38486786,-0.363220787,-1.546436972,-0.938654768,1.487664246,-1.150057274,-0.129881764,-0.501437228,-0.520266712,-1.358827357,0.810314235,-1.067154089,-0.635780159,-0.60548155,0.541358864,-1.686398106,0.077742648,-0.911526117,-1.098351188,-0.668263306,1.566091728,-1.899043612,-0.660126973,-0.693779146,-1.486071399,-0.685504021,2.651111115,4.184074075,6.685185168,9.192962982,3.417592595,5.434629621,7.939074075,5.678333335,6.687407408,0.691168096,0.806172837,0.741709382,0.494662879,0.748670466,0.77394111,0.618186131,0.683428299,0.680848366
1980,458484,318043.5,248606,NA,2.723958333,0.11119711,2.723958333,3.706085706,3.823065014,3.933769707,3.203508772,0.192499997,4.564956464,4.912528012,4.995559696,2.409770115,0.129044545,3.169317619,3.193845057,3.269092708,-1.478,-1.3625,-1.225555556,0.175698925,0.177419355,-0.283333333,0.233333333,-0.246666667,-0.02,0.245353544,3.01543942,1.686585283,2.051931289,2.572488041,1.962092108,0.014389246,3.322509708,2.099757652,2.171859113,2.91492569,2.154129245,-0.217555657,3.403156451,2.369835008,2.143778326,3.05871597,2.199366035,-0.434674501,3.251883705,2.478412023,1.96960259,2.994059811,2.094719664,-0.622170995,2.879000459,2.418089356,1.661201692,2.725363424,1.847321609,-0.767267565,2.309918089,2.192977894,1.239592644,2.270938024,1.47403164,-0.860076118,1.583418619,1.818418613,0.733507406,1.66175195,1.00028885,-0.894271905,0.749011786,1.319937109,0.17743485,0.939320227,0.458378029,-0.86752454,-0.136438961,0.731504072,-0.390729597,0.152875383,-0.114770498,-0.781656811,-1.012591619,0.093220242,-0.932266469,-0.643987666,-0.680097605,-0.642520462,-1.819737832,-0.551416394,-1.410270921,-1.396964019,-1.199077185,-0.459597405,-2.502871919,-1.158474914,-1.79216774,-2.054739584,-1.636341635,-0.245353544,-3.01543942,-1.686585283,-2.051931289,-2.572488041,-1.962092108,2.024074062,3.159999993,5.395185188,7.61444445,2.592037027,4.277592591,6.504814819,4.548425923,5.389876544,0.064131042,-0.217901245,-0.548290597,-1.083855653,-0.076885101,-0.383095921,-0.816073125,-0.446479113,-0.616682498
1981,554816,506650,396967.6667,NA,3.601655629,0.087768683,2.723958333,3.823065014,2.856510292,3.162806981,4.746464646,0.150038222,4.912528012,3.202697692,3.974986709,3.043349754,0.083924511,3.193845057,2.669524805,2.726559935,-0.696,-1.087,-1.140333333,0.210322581,0.129462366,0.863333333,0.906666667,0.57,0.137777778,1.897931633,-1.121331321,0.33712698,-0.071152902,-0.635178554,0.02924379,1.033723176,-0.903954888,0.630464295,-0.229979909,-0.392481827,-0.018395269,0.099068193,-0.624975424,0.880836509,-0.373134166,-0.123038113,-0.064780721,-0.842338124,-0.303404917,1.071181172,-0.490859946,0.154790446,-0.106751474,-1.726340489,0.038842133,1.188526608,-0.575134431,0.422070291,-0.14144729,-2.492695603,0.378442156,1.224875919,-0.620214456,0.660586744,-0.166503708,-3.089177631,0.692251972,1.177751961,-0.62302789,0.854085302,-0.180213172,-3.475137309,0.95888596,1.050366153,-0.583383003,0.989379358,-0.181641407,-3.624272122,1.160173454,0.851399628,-0.503981529,1.057248845,-0.17069108,-3.526418779,1.282397045,0.594411625,-0.390234546,1.053068571,-0.148108439,-3.188245824,1.317227396,0.296915452,-0.249893724,0.977123414,-0.115432451,-2.632799185,1.262290877,-0.020815019,-0.092523058,0.834588912,-0.074889933,-1.897931633,1.121331321,-0.33712698,0.071152902,0.635178554,-0.02924379,3.011481472,4.596666654,7.425185204,9.347777826,3.804074063,6.010925929,8.386481515,6.095277789,7.123209894,1.051538452,1.218765416,1.481709418,0.649477723,1.135151934,1.350237417,1.065593571,1.100372752,1.116650852
1982,601808,578312,538369.3333,192037,2.243916914,0.078476716,2.243916914,2.856510292,2.945105378,2.922786272,1.658119658,0.137871697,3.202697692,3.482480482,3.202292152,2.555454545,0.088559274,2.669524805,2.682791088,2.79940215,0.387,-0.1545,-0.595666667,0.118064516,0.23483871,-0.316666667,0.17,0.538333334,0.436666667,0.365978542,2.783251925,1.521376953,1.942461183,2.362626935,1.838915881,-0.144182175,2.05641708,0.937006848,1.290991253,1.683280336,1.203945907,-0.644517114,1.18944081,0.288781274,0.551542402,0.889220965,0.48692901,-1.100929277,0.241406114,-0.379124267,-0.225493153,0.034562654,-0.263271295,-1.48231493,-0.72308001,-1.021193115,-0.987161721,-0.822451045,-0.995530097,-1.762683269,-1.638289426,-1.59366934,-1.68155685,-1.623416064,-1.659945167,-1.922927657,-2.441852125,-2.057539633,-2.261356658,-2.313747961,-2.211237717,-1.952127703,-3.079006637,-2.381192001,-2.687048747,-2.846401758,-2.611838071,-1.848293472,-3.506331935,-2.542570068,-2.929622904,-3.185077979,-2.834445977,-1.618501095,-3.694706506,-2.530676188,-2.972548102,-3.3066964,-2.863891074,-1.278410543,-3.631292935,-2.346320907,-2.812899059,-3.202968925,-2.698166727,-0.851198425,-3.320412751,-2.002067734,-2.461555594,-2.880964412,-2.348566776,-0.365978542,-2.783251925,-1.521376953,-1.942461183,-2.362626935,-1.838915881,1.811481501,2.801111124,5.186666683,7.071481475,2.306296313,3.993888904,6.129074079,4.217685196,5.019753094,-0.148461518,-0.576790114,-0.756809102,-1.626818627,-0.362625816,-0.666799608,-1.191813865,-0.77721984,-0.986805948
1983,494644,548226,550422.6667,252612,2.98974359,0.09356256,2.243916914,2.945105378,2.487231729,2.616830252,4.042857143,0.143324971,3.482480482,3.011830025,2.850488401,2.449568966,0.104683926,2.682791088,2.232146607,2.502511756,-0.339,0.024,-0.216,0.149892473,0.104086022,1.85,0.51,0.34,0.528888889,-0.789490182,-2.263060462,-0.284873006,-1.750514278,-1.603664643,-1.390110686,-1.281085881,-2.726696494,-0.018460329,-2.223875411,-1.823951106,-1.681560227,-1.685377694,-3.004512667,0.249210389,-2.545683111,-1.919938315,-1.858414218,-1.974813803,-3.077576266,0.499897831,-2.694006713,-1.8850849,-1.90862035,-2.129669614,-2.940908129,0.716518062,-2.65873821,-1.721766065,-1.82875716,-2.13939196,-2.603821962,0.884308771,-2.442281092,-1.441111718,-1.624267191,-2.00331828,-2.089289633,0.991835299,-2.059386553,-1.062247989,-1.309086098,-1.73072177,-1.432375667,1.03176989,-1.536148225,-0.610993815,-0.904692951,-1.340179431,-0.677847667,1.001391068,-0.908223933,-0.118101422,-0.438646473,-0.858306079,0.122874532,0.9027691,-0.218405681,0.382839388,0.057293036,-0.317940586,0.915223034,0.74262491,0.486296558,0.857690326,0.549328119,0.244092032,1.645200599,0.531872059,1.157858489,1.274091086,1.0039274,0.789490182,2.263060462,0.284873006,1.750514278,1.603664643,1.390110686,2.495555544,4.119629604,6.902592588,9.46185195,3.307592574,5.511111096,8.182222269,5.744907422,6.828024714,0.535612525,0.741728366,0.959116803,0.763551847,0.638670445,0.850422584,0.861334325,0.750002385,0.821465672
1984,376586,435615,491012.6667,270794,2.228034682,0.111054337,2.228034682,2.487231729,2.51248523,2.608889136,3.334513274,0.178731527,3.011830025,3.551042664,3.688685209,1.691416309,0.126313056,2.232146607,2.004025107,2.070492638,-0.596,-0.4675,-0.182666667,0.175053763,0.106236559,-0.156666667,1.456666667,0.983333334,0.712222222,-0.644802686,-0.006539679,-1.391206315,-0.228544203,-0.468095224,-0.514444722,-0.882610553,-0.651471315,-0.38295748,-0.731867571,-0.561966703,-0.646070008,-1.06026997,-1.252006257,0.651389275,-1.185315374,-0.617541079,-0.73366669,-1.165673741,-1.767219041,1.641344927,-1.557985893,-0.631031052,-0.7712652,-1.191638772,-2.161998769,2.519445635,-1.824482248,-0.601517301,-0.756303261,-1.136395591,-2.409441853,3.225850286,-1.966643153,-0.53101114,-0.689800504,-1.003708928,-2.492685457,3.712418571,-1.974780577,-0.424317448,-0.576288983,-0.80262116,-2.406056666,3.945991666,-1.848339968,-0.288707222,-0.423504321,-0.546836087,-2.15545909,3.910651949,-1.595938045,-0.133422077,-0.241858538,-0.253785038,-1.757970538,3.608807765,-1.234775582,0.030955563,-0.043730496,0.056561042,-1.2406792,3.061029296,-0.789465203,0.193223632,0.157377707,0.363052581,-0.638837625,2.304646739,-0.290354075,0.34232383,0.347760879,0.644802686,0.006539679,1.391206315,0.228544203,0.468095224,0.514444722,1.964814827,3.342962936,6.510740704,8.782962905,2.653888882,4.92685182,7.646851805,5.150370343,6.212222182,0.004871808,-0.034938302,0.567264919,0.084662802,-0.015033247,0.266163308,0.325963861,0.155465307,0.20566314
1985,533663,455124.5,468297.6667,252046,2.319677419,0.092178173,2.228034682,2.51248523,2.112900158,2.273856051,3.275757576,0.123108998,3.551042664,2.999820013,3.305135425,1.871090047,0.109770246,2.004025107,1.68950498,1.781253178,-1.233,-0.9145,-0.722666667,0.137849462,0.150752688,0.25,0.61,1.033333334,0.858888889,1.384416019,-0.568998,1.362543624,0.110450355,0.074849208,0.418342142,1.02543753,-0.481831113,1.406261104,0.042436241,0.14753296,0.377803011,0.596577168,-0.361828232,1.354144215,-0.028469832,0.210162584,0.311517229,0.127061058,-0.217167355,1.209744635,-0.097435733,0.258469975,0.224002062,-0.351114054,-0.057706881,0.982902958,-0.15976155,0.289163065,0.121221526,-0.805361323,0.105686221,0.689078068,-0.211199881,0.30015017,0.010179942,-1.204724548,0.261876982,0.348293646,-0.24824529,0.290682537,-0.101555387,-1.521987787,0.400221259,-0.016226411,-0.268373192,0.261405369,-0.206369885,-1.735530073,0.511291119,-0.379640666,-0.270211904,0.214313857,-0.297120616,-1.830798852,0.587517334,-0.717183037,-0.253636122,0.15261721,-0.367623069,-1.801301716,0.623705213,-1.005850569,-0.219775458,0.080519953,-0.413072616,-1.649048844,0.617388613,-1.225971047,-0.170937459,0.002935393,-0.430371948,-1.384416019,0.568998,-1.362543624,-0.110450355,-0.074849208,-0.418342142,1.492592596,2.69370372,4.732592618,7.787407381,2.093148158,3.713148169,6.259999999,4.176574079,5.071234573,-0.467350424,-0.684197518,-1.210883167,-0.910892722,-0.575773971,-0.947540343,-1.060887945,-0.818330958,-0.935324469
1986,407504,470583.5,439251,344002,1.790988372,0.085465847,1.790988372,2.112900158,2.416149961,2.055332896,2.389189189,0.112439638,2.999820013,3.100959266,2.832473383,1.506008584,0.109559674,1.68950498,2.089682595,1.688549316,-0.512666667,-0.872833334,-0.780555556,0.110537634,0.215913978,0.493333333,0.946666667,0.778333334,1.004444445,-2.778357325,0.577126975,0.963126966,-0.589997999,0.705793638,-0.208082024,-2.872937893,-0.002724486,0.687569818,-1.001059584,0.227373615,-0.585822846,-2.771732491,-0.582390278,0.365155924,-1.343900613,-0.266541544,-0.923640809,-2.481638101,-1.122367134,0.017857256,-1.595157036,-0.742292337,-1.198514177,-2.022424175,-1.585856525,-0.330658353,-1.737706142,-1.167457135,-1.391710784,-1.425385383,-1.941272415,-0.656640143,-1.761833447,-1.513061657,-1.490064602,-0.731208934,-2.164393798,-0.937872992,-1.665894714,-1.755553529,-1.486872979,0.012798196,-2.24001532,-1.155191346,-1.45642801,-1.878407328,-1.38235342,0.755933151,-2.1629835,-1.293785319,-1.147708143,-1.873250773,-1.18362876,1.44755251,-1.938547929,-1.344209961,-0.760773863,-1.740435273,-0.904241756,2.040523558,-1.58200352,-1.303028915,-0.321994102,-1.489011985,-0.563232171,2.494436297,-1.117648186,-1.173048602,0.138729026,-1.136114991,-0.183839243,2.778357325,-0.577126975,-0.963126966,0.589997999,-0.705793638,0.208082024,1.811481468,2.864444424,5.332222214,7.857777737,2.337962946,4.098333319,6.594999976,4.466481461,5.351481458,-0.148461551,-0.513456815,-0.611253571,-0.840522366,-0.330959183,-0.562355193,-0.725887968,-0.528423575,-0.655077584
1987,560330,483917,500499,379394,3.137784091,0.062752177,1.790988372,2.416149961,2.355152415,2.464386232,3.637931034,0.060738276,3.100959266,2.995821684,3.013560112,2.891949153,0.084290243,2.089682595,2.051832473,2.198978869,-1.456666667,-0.984666667,-1.067444445,0.249247312,0.156989247,1.056666667,1.546666667,1.246666667,1.034444445,-0.852185494,-1.257102151,-0.234289674,-1.116261575,-0.916164659,-0.899383238,-0.402687845,-1.152355249,-0.264039592,-0.891601369,-0.85625003,-0.737282899,0.074252314,-0.96907724,-0.275795648,-0.606180004,-0.737983376,-0.524937949,0.546132301,-0.71975822,-0.268756686,-0.279448473,-0.569424375,-0.276819345,0.980794275,-0.421388866,-0.2434024,0.066327009,-0.362060044,-0.00983596,1.348616739,-0.094302557,-0.201460643,0.407582416,-0.130021919,0.257817729,1.624533201,0.239210315,-0.145789676,0.721061754,0.110876985,0.507901566,1.78974041,0.5564214,-0.080183384,0.985401925,0.344219805,0.723372751,1.832979768,0.835713286,-0.009112726,1.182588584,0.554104615,0.889547278,1.751304584,1.058052692,0.062578949,1.299183785,0.726228111,0.995100628,1.550280887,1.208287556,0.130005972,1.327241758,0.848860361,1.032839515,1.243608109,1.276179619,0.188573302,1.264850398,0.91364418,1.000192096,0.852185494,1.257102151,0.234289674,1.116261575,0.916164659,0.899383238,3.034074055,3.7785185,5.932962912,8.594444504,3.406296277,4.855740706,7.263703708,5.334999993,6.101975306,1.074131036,0.400617262,-0.010512873,-0.103855598,0.737374149,0.195052194,-0.057184236,0.340094957,0.095416264
1988,486698,523514,484844,538770,2.136684783,0.087790287,1.790988372,2.355152415,2.719744472,2.637234437,2.960344828,0.123358058,2.995821684,3.106932795,3.299137931,1.757539683,0.106911571,2.051832473,2.535429612,2.324744418,-0.334,-0.895333334,-0.767777778,0.170107527,0.228172043,-0.273333333,0.546666667,1.046666667,1.013333334,-0.037810512,0.297251981,-0.471414669,0.180708505,0.041029764,0.020350348,-0.573581252,0.176025807,-0.260729956,-0.084707083,0.030440553,-0.127991396,-1.070263378,0.042803765,-0.032276927,-0.344350024,0.017776868,-0.267610738,-1.494008823,-0.093335282,0.198375721,-0.580526079,0.003901719,-0.38899285,-1.815940036,-0.223113685,0.415509392,-0.777140242,-0.010239326,-0.483865742,-2.014117937,-0.337687258,0.604326784,-0.920793581,-0.023682578,-0.545763983,-2.075037029,-0.429248003,0.751960304,-1.00169636,-0.035511901,-0.570469311,-1.994545776,-0.491556206,0.848348972,-1.014335187,-0.044921146,-0.556298098,-1.778129525,-0.520365665,0.88692406,-0.957848747,-0.05126909,-0.504216089,-1.440536685,-0.513713065,0.865056739,-0.836086498,-0.05412313,-0.417772587,-1.004773651,-0.472051768,0.784237231,-0.657346336,-0.053288769,-0.302858574,-0.500536953,-0.398220923,0.649973251,-0.433809107,-0.048822865,-0.167305249,0.037810512,-0.297251981,0.471414669,-0.180708505,-0.041029764,-0.020350348,1.953703703,3.224074077,5.599259253,8.578518497,2.58888889,4.411666665,7.088888875,4.838888882,5.800617275,-0.006239317,-0.153827162,-0.344216532,-0.119781606,-0.080033239,-0.249021847,-0.231999069,-0.156016154,-0.205941767
1989,378917,432807.5,475315,502310,2.884764543,0.062633434,2.136684783,2.719744472,2.372839243,2.510724663,2.722522523,0.112602194,3.106932795,3.003993758,2.841433676,2.9568,0.075068209,2.535429612,2.128171707,2.357169842,2.64,1.153,0.283111111,0.124516129,0.149247312,0.076666667,-0.943333333,-0.198333333,0.383333334,1.176251961,-1.15158132,3.32566858,-0.341900179,0.340835313,0.559960991,1.742921327,-1.463683078,3.077504966,-0.348342415,0.05004627,0.494079072,2.190813485,-1.676037252,2.619614474,-0.331045692,-0.244153343,0.39452648,2.489405324,-1.774172258,1.983201585,-0.291188751,-0.52171431,0.268087561,2.618348304,-1.751400356,1.211636786,-0.231487779,-0.763721309,0.123378918,2.568855175,-1.609273414,0.357500942,-0.156011296,-0.953681962,-0.029737795,2.34429881,-1.357477149,-0.520998001,-0.069902902,-1.078650766,-0.180827927,1.959982356,-1.013171059,-1.363991791,0.020969259,-1.130111303,-0.319594933,1.442096343,-0.599819036,-2.114031794,0.1104124,-1.104556622,-0.436582074,0.825933848,-0.145590337,-2.720004024,0.192331119,-1.003728233,-0.523816867,0.153485325,0.318560103,-3.140612475,0.261142789,-0.834497423,-0.575354407,-0.529422968,0.761001199,-3.347193376,0.31215801,-0.608396993,-0.587682495,-1.176251961,1.15158132,-3.32566858,0.341900179,-0.340835313,-0.559960991,2.362962974,3.326666664,5.610740768,8.450000021,2.844814819,4.468703716,7.030370394,4.937592607,5.795802484,0.403019955,-0.051234574,-0.332735017,-0.248300081,0.175892691,-0.191984796,-0.290517549,-0.057312429,-0.210756558
1990,240132,309524.5,368582.3333,574174,2.097068404,0.105076859,2.097068404,2.372839243,2.489765211,2.490916474,3.329113924,0.126061245,3.003993758,3.282335606,3.025818224,1.670175439,0.122592528,2.128171707,2.164057892,2.31348772,2.463333333,2.551666667,1.589777778,0.164301075,0.278924731,-0.33,-0.6,-0.771666667,-0.332222222,1.291486334,-0.368810504,0.555501975,0.208684048,-0.060706345,0.293967145,0.685236596,-0.114457565,0.706941851,0.163696925,0.15934224,0.297281743,0.032289117,0.147695467,0.810204809,0.107554128,0.368531914,0.280337082,-0.622858813,0.399783298,0.858253647,0.044081694,0.552606748,0.244287912,-1.235559943,0.624626558,0.847813918,-0.022394834,0.699022345,0.191590925,-1.764059705,0.80690255,0.779597071,-0.087345191,0.797800724,0.125837332,-2.172341714,0.934189467,0.658251973,-0.146343118,0.842210302,0.051508134,-2.432582225,0.997812915,0.49204809,-0.195368003,0.82922464,-0.026331259,-2.527046277,0.993437062,0.292311943,-0.231078882,0.759728689,-0.10237622,-2.449296301,0.921360115,0.07265522,-0.251042117,0.638458484,-0.171444411,-2.204630831,0.786493999,-0.151952836,-0.253897246,0.473678388,-0.228828948,-1.809723412,0.598029617,-0.366205557,-0.239449698,0.276617892,-0.270619171,-1.291486334,0.368810504,-0.555501975,-0.208684048,0.060706345,-0.293967145,2.044074053,3.485185186,5.846666654,8.405555513,2.76462962,4.66592592,7.126111084,4.945370352,5.912469118,0.084131034,0.107283948,-0.096809131,-0.292744589,0.095707491,0.005237408,-0.19477686,-0.049534685,-0.094089924
1991,233124,236628,284057.6667,518380,2.487462687,0.10999262,2.097068404,2.489765211,2.071847916,2.292265546,3.79537037,0.14271501,3.282335606,3.309272542,3.562242147,1.865198238,0.12839101,2.164057892,1.56651099,1.767686839,-0.226666667,1.118333333,1.625555555,0.215698925,0.077849462,-1.466666667,-1.703333333,-1.151666667,-1.082222222,-0.382224567,-0.758831329,-1.412289648,-0.627837672,-0.976650769,-0.820735699,-0.749057447,-0.883639297,-0.900039288,-0.836828219,-0.889105961,-0.852371924,-1.064843299,-0.948228708,-0.326452739,-0.988790305,-0.740970051,-0.825920412,-1.308061841,-0.948197899,0.269381025,-1.073367966,-0.542338257,-0.743183788,-1.46213813,-0.88354897,0.846856918,-1.084797374,-0.306747007,-0.609800417,-1.516572122,-0.758687639,1.366620911,-1.022299633,-0.050251456,-0.434860155,-1.46765423,-0.582123,1.793251947,-0.890133862,0.209668649,-0.230284893,-1.318718127,-0.365887639,2.097675827,-0.69730694,0.455300183,-0.010016095,-1.079913564,-0.124717641,2.259146566,-0.456959701,0.669903761,0.210935282,-0.767514675,0.124951658,2.266660199,-0.185471414,0.838854505,0.417511769,-0.40281093,0.366105708,2.119704686,0.098656443,0.950638701,0.595635519,-0.010656286,0.58231026,1.828294802,0.376061026,0.99763844,0.733167692,0.382224567,0.758831329,1.412289648,0.627837672,0.976650769,0.820735699,1.498518503,2.718888881,5.449629625,9.152962985,2.108703692,4.084259253,7.301296305,4.704999998,5.773827164,-0.461424516,-0.659012357,-0.49384616,0.454662882,-0.560218437,-0.576429259,-0.019591639,-0.289905038,-0.232731878
1992,341408,287266,271554.6667,603140,1.631012658,0.112713801,1.631012658,2.071847916,2.319972262,2.059237673,2.803333333,0.190219336,3.309272542,3.446869488,3.299351852,1.164159292,0.12557202,1.56651099,1.818703972,1.514678765,0.884666667,0.329,1.040444444,0.163010753,0.144086022,1.19,0.013333333,-0.845,-0.763333333,-2.13710734,1.35508529,1.973835277,0.140409593,1.561335286,0.591251974,-2.253679513,0.263849641,1.870117853,-0.611812673,0.799272378,-0.001501888,-2.216667151,-0.845366925,1.638954988,-1.322340917,-0.017259621,-0.594153399,-2.028592587,-1.896973133,1.296100049,-1.942753812,-0.832615406,-1.146314338,-1.70227279,-2.819303756,0.864918033,-2.430771246,-1.591229826,-1.620355849,-1.259945915,-3.549503488,0.374793283,-2.753135636,-2.241404564,-1.983972787,-0.731755809,-4.037810422,-0.140873009,-2.887878383,-2.738831285,-2.212385258,-0.153697753,-4.250947249,-0.64693904,-2.82581699,-3.049611179,-2.29002733,0.43483455,-4.174389047,-1.108917243,-2.571180839,-3.152565112,-2.211607824,0.993733598,-3.813353129,-1.495324569,-2.141322963,-3.040676942,-1.982470899,1.484911343,-3.192443497,-1.779827997,-1.565537466,-2.721571664,-1.618231859,1.874894833,-2.353974117,-1.943039088,-0.883063178,-2.216995774,-1.143712992,2.13710734,-1.35508529,-1.973835277,-0.140409593,-1.561335286,-0.591251974,1.826296294,3.695925947,6.13185192,7.919629627,2.76111112,4.913888933,7.025740774,4.893425947,5.915802498,-0.133646725,0.318024708,0.188376135,-0.778670476,0.092188992,0.253200422,-0.29514717,-0.101479089,-0.090756544
1993,416518,378963,330350,585400,2.841441441,0.083647411,1.631012658,2.319972262,2.028978953,2.23622705,3.741904762,0.136282276,3.446869488,3.088583639,3.272619048,2.426754386,0.092869973,1.818703972,1.485795889,1.795456839,1.483,1.183833334,0.713666667,0.144946237,0.129677419,1.83,0.023333333,0.018333333,-0.555555556,1.026486339,-1.206372986,3.8933769,-0.429726264,0.493543643,0.633331891,0.241531463,-1.241806647,3.498724241,-0.725862957,0.338370316,0.312969961,-0.559883384,-1.192613238,2.865639307,-0.972533289,0.16013761,-0.028720355,-1.323143103,-1.062145208,2.03726579,-1.152927084,-0.029008209,-0.368453427,-1.996232806,-0.859293737,1.070055976,-1.254750804,-0.216177166,-0.683077006,-2.533282543,-0.597882818,0.029923616,-1.271065331,-0.388614007,-0.951150016,-2.89769326,-0.295727173,-1.01224799,-1.200758855,-0.534567445,-1.154403724,-3.064630971,0.026581791,-1.985436568,-1.048622648,-0.644090995,-1.278986727,-3.022719146,0.347079249,-2.823320924,-0.825024541,-0.709720809,-1.316408897,-2.774814006,0.64392383,-3.468800626,-0.545202374,-0.726984322,-1.264119977,-2.337809877,0.896886066,-3.877887297,-0.228225566,-0.694705055,-1.125683369,-1.741487868,1.088726998,-4.022702358,0.104304436,-0.615082787,-0.9105333,-1.026486339,1.206372986,-3.8933769,0.429726264,-0.493543643,-0.633331891,3.036666645,3.996296322,6.301851864,8.619629524,3.516481483,5.149074093,7.460740694,5.488611089,6.305925903,1.076723626,0.618395084,0.358376079,-0.078670578,0.847559355,0.488385581,0.13985275,0.493706053,0.299366861
1994,393053,404785.5,383659.6667,664396,1.614482759,0.10980774,1.614482759,2.028978953,1.993546703,2.2279621,2.720512821,0.114306288,3.088583639,2.961897815,3.231208792,0.866473988,0.141205603,1.485795889,1.45875974,1.646614187,0.243333333,0.863166667,0.870333333,0.190107527,0.124086022,-0.563333333,0.616666667,0.32,0.217777778,-1.663591725,-0.325477172,1.800210281,-0.790908321,0.383085312,-0.153748009,-1.69652179,-0.290283769,2.081169081,-0.779410037,0.500200514,-0.075988942,-1.613836698,-0.235308007,2.220299647,-0.714796247,0.583227878,0.006948645,-1.421171302,-0.164296393,2.208120462,-0.601470274,0.626509226,0.089412694,-1.131655431,-0.082088251,2.045461517,-0.447155096,0.627095005,0.165783415,-0.765019112,0.005714069,1.743407749,-0.262367037,0.584945296,0.230856271,-0.346248005,0.093126985,1.322543625,-0.059699098,0.502932532,0.280196653,0.096119332,0.174193451,0.811550338,0.147037236,0.386645747,0.310442097,0.531936295,0.243388921,0.245251236,0.343753225,0.244009693,0.319531424,0.931502678,0.295997838,-0.337761332,0.517043,0.084744782,0.306845213,1.267588693,0.328434992,-0.897756023,0.655097149,-0.080295346,0.273248008,1.517290634,0.338489844,-1.396570125,0.74850751,-0.239863479,0.221029403,1.663591725,0.325477172,-1.800210281,0.790908321,-0.383085312,0.153748009,2.085925923,3.417777794,6.068518533,8.476296301,2.751851859,4.743148164,7.272407417,5.012129638,5.987530876,0.125982904,0.039876556,0.125042748,-0.222003801,0.08292973,0.082459652,-0.048480527,0.017224602,-0.019028166
1995,559185,476119,456252,578945,1.524715909,0.098830696,1.524715909,1.993546703,2.140138046,1.569599334,2.423275862,0.154693476,2.961897815,3.116058216,2.571894342,1.083050847,0.116124475,1.45875974,1.602126558,0.974762418,0.556333333,0.399833333,0.760888889,0.202580645,0.117849462,0.64,-1.02,-0.201666667,-0.126666667,-0.335974568,-2.573602122,0.212918649,-1.795296885,-1.644761865,-1.301473393,-0.920901681,-2.590115257,0.228213745,-2.009519231,-1.650672256,-1.459257023,-1.443070866,-2.430116318,0.227956452,-2.086796161,-1.544092062,-1.517594699,-1.866897157,-2.104508968,0.212164303,-2.021861382,-1.332284545,-1.472510804,-2.163497491,-1.63548281,0.181913507,-1.819140091,-1.029684038,-1.32707773,-2.312659047,-1.055001201,0.139265607,-1.492447408,-0.656912265,-1.091206503,-2.304216711,-0.402623004,0.087126985,-1.064046902,-0.239373007,-0.780971356,-2.138745814,0.277193286,0.029050804,-0.563133357,0.194479125,-0.417514301,-1.827522924,0.938119312,-0.031005142,-0.023843205,0.615077827,-0.025604337,-1.391757367,1.535114056,-0.088948139,0.517071822,0.993759991,0.36805052,-0.861145845,2.027493315,-0.140829467,1.022749259,1.304719054,0.736623343,-0.271848657,2.381702255,-0.183113499,1.458728024,1.52676367,1.054996502,0.335974568,2.573602122,-0.212918649,1.795296885,1.644761865,1.301473393,1.338148146,2.920000032,5.597037042,8.32777781,2.129074089,4.258518537,6.962407426,4.545740757,5.614938294,-0.621794873,-0.457901206,-0.346438743,-0.370522293,-0.539848039,-0.402169975,-0.358480518,-0.449164279,-0.391620748
1996,462437,510811,471558.3333,604427,3.28121547,0.083703414,1.524715909,2.140138046,2.478342475,2.40296569,4.204385965,0.126354732,3.116058216,3.347315847,3.313830914,2.856854839,0.096303322,1.602126558,2.057131683,1.969952843,-0.839,-0.141333334,-0.013111111,0.190752688,0.189247312,0.336666667,0.82,-0.1,0.138888889,-2.047732342,-0.43053967,0.48321031,-0.993041469,-0.125956343,-0.630028736,-2.028558184,-0.296634176,-0.238072332,-0.899042526,-0.277113561,-0.736508872,-1.871141138,-0.142513553,-0.943130739,-0.743775322,-0.409385948,-0.792797145,-1.586208917,0.021319133,-1.583916344,-0.537821058,-0.513759359,-0.795057604,-1.193179178,0.183698956,-2.116760668,-0.295215178,-0.583120919,-0.7431362,-0.718836251,0.333559998,-2.50535125,-0.032490871,-0.612743752,-0.640571292,-0.195505821,0.460689477,-2.723206285,0.232447634,-0.60060911,-0.49435251,0.341148008,0.55642373,-2.755479312,0.481545218,-0.547543951,-0.314444421,0.854553164,0.614238625,-2.599970978,0.697826291,-0.457164576,-0.113107464,1.309721933,0.630194173,-2.267278918,0.866551655,-0.33563019,0.09593758,1.675635318,0.60320303,-1.780075546,0.976222956,-0.191223162,0.298444636,1.927356924,0.535104597,-1.171562968,1.019366276,-0.033784592,0.480613183,2.047732342,0.43053967,-0.48321031,0.993041469,0.125956343,0.630028736,2.800740745,4.186666674,6.026666641,8.961481554,3.49370371,5.106666658,7.494074097,5.493888904,6.391604956,0.840797726,0.808765436,0.083190856,0.263181451,0.824781581,0.445978146,0.173186154,0.498983867,0.385045914
1997,366406,414421.5,462676,769783,2.629096045,0.095669352,1.524715909,2.478342475,3.0080086,2.955155758,3.414285714,0.162287126,3.347315847,3.899439232,3.80933584,2.231489362,0.109835217,2.057131683,2.580502919,2.544172101,0.841,0.001,0.186111111,0.151182796,0.201075269,2.103333333,0.233333333,0.526666667,0.011111111,4.184845644,-0.887997993,-1.802331306,0.876469359,-1.192775764,0.217747884,3.352569032,-1.146134187,-1.60233103,0.41863215,-1.298199801,-0.078326009,2.291820381,-1.326163231,-1.293134542,-0.067734148,-1.315153668,-0.369062114,1.074887958,-1.415816442,-0.895813073,-0.549484477,-1.242481985,-0.634647246,-0.215296303,-1.408984102,-0.437443423,-0.993788346,-1.085137209,-0.856982217,-1.490808476,-1.306131824,0.050737274,-1.370367181,-0.853842125,-1.020915266,-2.664724515,-1.114268821,0.535460309,-1.653557758,-0.564359111,-1.115274627,-3.657043983,-0.846470239,0.983692609,-1.824061107,-0.236415956,-1.133629865,-4.400141946,-0.520986109,1.364887883,-1.870257705,0.107638555,-1.074730101,-4.843377508,-0.159997637,1.653068304,-1.788999331,0.444357676,-0.942589257,-4.956544896,0.21189441,1.828594851,-1.58582361,0.750794557,-0.746212513,-4.731931941,0.569346203,1.879505681,-1.27457663,1.006066029,-0.498982619,-4.184845644,0.887997993,1.802331306,-0.876469359,1.192775764,-0.217747884,1.484814839,3.881111057,7.008518537,9.714814769,2.682962948,5.444814797,8.361666653,5.5223148,6.868148121,-0.47512818,0.503209818,1.065042752,1.016514666,0.014040819,0.784126285,1.040778709,0.527409764,0.861589079
1998,286796,326601,371879.6667,675766,3.113714286,0.069106583,2.629096045,3.0080086,2.200830676,2.871405166,4.079646018,0.087881004,3.899439232,2.851786768,3.746965866,2.653164557,0.076801137,2.580502919,1.875053416,2.44232696,-0.839,0.001,-0.279,0.208817204,0.143655914,-0.936666667,1.186666667,0.71,0.746666667,1.494376954,2.583147763,0.410210312,2.204444873,1.858835279,1.763239653,1.31161175,2.192332944,0.524736902,1.885995138,1.636467597,1.551259506,1.039462373,1.652114258,0.603503539,1.43901795,1.302577352,1.233563587,0.696475353,0.999306715,0.641142407,0.893974068,0.879918613,0.831802348,0.306024689,0.278398072,0.63508848,0.28800733,0.397294875,0.373355154,-0.105281052,-0.461482941,0.585754323,-0.337586632,-0.112403853,-0.110535577,-0.509412064,-1.169914653,0.496501976,-0.940174622,-0.614442443,-0.586893491,-0.878827485,-1.798618615,0.373413841,-1.478691266,-1.074607797,-1.023255584,-1.188352265,-2.304749691,0.224878169,-1.916437543,-1.461540405,-1.389884499,-1.416892802,-2.653815885,0.061017421,-2.223581769,-1.748871449,-1.661795083,-1.548874437,-2.822028911,-0.107001563,-2.379192572,-1.917019795,-1.820457078,-1.575302838,-2.797925331,-0.267728567,-2.372665333,-1.954526409,-1.855057932,-1.494376954,-2.583147763,-0.410210312,-2.204444873,-1.858835279,-1.763239653,2.730370388,3.321481497,5.69555559,9.188148198,3.025925943,4.508518544,7.441851894,5.233888918,6.068395095,0.770427369,-0.056419741,-0.247920195,0.489848096,0.357003814,-0.152169968,0.12096395,0.238983882,0.061836053
1999,433837,360316.5,362346.3333,387995,0.859681698,0.076930318,0.859681698,2.200830676,2.047618481,1.986697992,1.061428571,0.117391071,2.851786768,2.60364251,2.570537295,0.740506329,0.100211742,1.875053416,1.757434455,1.696835443,-0.299333333,-0.569166667,-0.099111111,0.177204301,0.183010753,-2.016666667,-0.976666667,0.105,0.147777778,-0.927576117,-0.078852177,0.32887698,-0.374060504,0.057057542,-0.201207024,-0.971906314,-0.309107368,0.213410347,-0.539646132,-0.134934796,-0.354468309,-0.950002703,-0.518297402,0.083400151,-0.668455767,-0.317731551,-0.483573164,-0.863357977,-0.692166324,-0.052293627,-0.751711247,-0.478875425,-0.579723308,-0.717876832,-0.818865256,-0.184423681,-0.783738847,-0.607384731,-0.636366266,-0.523473567,-0.889759873,-0.303985566,-0.762355941,-0.694501771,-0.649641914,-0.293396443,-0.900018826,-0.402831337,-0.689019736,-0.734289663,-0.61864554,-0.043324837,-0.848942983,-0.474224818,-0.568727976,-0.724036928,-0.545489494,0.209699285,-0.740013078,-0.513300661,-0.409678343,-0.664442273,-0.435159241,0.448432747,-0.580652506,-0.517395913,-0.222709809,-0.559566975,-0.295173605,0.656606259,-0.381721424,-0.486231488,-0.020563969,-0.416558112,-0.135072375,0.82003314,-0.156776658,-0.421931191,0.182983271,-0.245161502,0.034233814,0.927576117,0.078852177,-0.32887698,0.374060504,-0.057057542,0.201207024,1.171481484,2.521851873,5.165185195,7.918888869,1.846666679,3.843518534,6.542037032,4.194351855,5.201975312,-0.788461535,-0.856049365,-0.77829059,-0.779411234,-0.82225545,-0.817169978,-0.778850912,-0.800553181,-0.80458373
2000,384356,409096.5,368329.6667,384592,2.169459459,0.07506558,0.859681698,2.047618481,1.826843349,1.514570579,2.669852941,0.12444351,2.60364251,2.345455419,1.865640756,1.878632479,0.088926234,1.757434455,1.551420925,1.309569404,0.633,0.166833334,-0.168444444,0.14344086,0.144086022,-1.276666667,-1.8,-1.388333334,-0.53,-1.119216738,0.05052282,0.988085299,-0.356343113,0.363043646,-0.025745963,-1.240971365,-0.486985953,0.64711315,-0.749241749,-0.108952919,-0.40587579,-1.278155845,-0.991307438,0.26204131,-1.091080797,-0.573524522,-0.758345853,-1.228236117,-1.428072959,-0.140888212,-1.358564492,-0.999011377,-1.059135899,-1.094614126,-1.767517668,-0.534216436,-1.533464262,-1.356417257,-1.287747584,-0.886395992,-1.986508969,-0.891138692,-1.603860977,-1.621385543,-1.428601399,-0.617771436,-2.070122966,-1.187331319,-1.564957217,-1.775859084,-1.472098389,-0.307046778,-2.012661505,-1.402609279,-1.419404208,-1.809310763,-1.415274308,0.024602611,-1.818040488,-1.522301735,-1.177121149,-1.719460903,-1.262001621,0.354575373,-1.499523016,-1.538251843,-0.854619228,-1.512432625,-1.022725609,0.660384409,-1.078815528,-1.449372629,-0.47387642,-1.202334562,-0.713752537,0.921189339,-0.584588546,-1.261721067,-0.060839716,-0.810299386,-0.356138409,1.119216738,-0.05052282,-0.988085299,0.356343113,-0.363043646,0.025745963,1.874814821,3.242222241,6.590370372,8.837407395,2.558518531,4.916296307,7.713888884,5.136203707,6.223333336,-0.085128199,-0.135678998,0.646894587,0.139107292,-0.110403598,0.255607795,0.39300094,0.141298671,0.216774294
2001,342999,363677.5,387064,503943,2.451388889,0.074196371,0.859681698,1.826843349,2.568227988,2.310424174,3.305084746,0.081736969,2.345455419,3.265812562,2.987468844,2.035123967,0.091782997,1.551420925,2.211932421,1.956878223,-1.090333333,-0.228666667,-0.252222222,0.235268817,0.091827957,-1.703333333,0.156666667,-0.821666667,-0.873333333,-3.670349493,0.04458532,1.507376954,-1.247565919,0.532182531,-0.570120951,-3.148897428,0.356119038,2.13525306,-0.863017124,0.949163712,-0.12573757,-2.412853206,0.643383833,2.617615199,-0.419655137,1.301460955,0.327214618,-1.512377027,0.886803083,2.921591189,0.052305653,1.565065785,0.75786767,-0.508834852,1.069788168,3.026465566,0.5207019,1.722013967,1.136873294,0.529383578,1.179868957,2.925091317,0.953613173,1.761609744,1.438402881,1.531525391,1.209543627,2.624376929,1.321537284,1.681154728,1.641907688,2.429296279,1.156789898,2.14481559,1.599400813,1.486131795,1.733519201,3.161514641,1.025202848,1.519088613,1.76826782,1.189831436,1.706994244,3.678281005,0.823749919,0.789838257,1.816630297,0.812446032,1.564140451,3.944378597,0.566159794,0.006761729,1.741192421,0.379693772,1.314693071,3.941673306,0.269986815,-0.776775599,1.54709516,-0.07893399,0.97565153,3.670349493,-0.04458532,-1.507376954,1.247565919,-0.532182531,0.570120951,3.141481488,3.962592655,6.090370372,8.696296286,3.552037071,5.026481514,7.393333329,5.4726852,6.249753104,1.181538469,0.584691416,0.146894587,-0.002003817,0.883114943,0.365793002,0.072445385,0.477780164,0.243194062
2002,438619,390809,388658,548401,3.083835616,0.071309267,2.169459459,2.568227988,3.072958577,2.767612253,3.8225,0.087347005,3.265812562,3.811715924,3.563792373,2.722040816,0.088583985,2.211932421,2.713812992,2.378582392,1.194,0.051833334,0.245555556,0.176989247,0.143655914,-0.593333333,-1.016666667,-0.43,-0.886666667,-1.796090841,-5.82145551,-4.256247203,-4.421328669,-5.299719408,-4.380734866,-1.687675506,-4.824798459,-3.317182975,-3.733625258,-4.322259964,-3.631221418,-1.464247874,-3.499339365,-2.152058209,-2.791481455,-3.050245646,-2.634246231,-1.14103417,-1.935406077,-0.840274233,-1.659102805,-1.570362129,-1.457751517,-0.740060872,-0.239578063,0.528773043,-0.41365904,0.016538973,-0.181913446,-0.288653649,1.4725768,1.86178531,0.859974905,1.60231297,1.106321726,0.182424843,3.084377988,3.067919985,2.075002981,3.078891987,2.3191629,0.641071384,4.485983913,4.064980984,3.148623033,4.345649603,3.373956956,1.056029969,5.581877448,4.785020245,4.007669629,5.31625838,4.19882142,1.399021857,6.297375259,5.178968285,4.593600163,5.924572934,4.737543144,1.646672718,6.583717353,5.219978195,4.866484436,6.129137634,4.953409131,1.782105554,6.42138999,4.905255217,4.807725838,5.916011732,4.831708472,1.796090841,5.82145551,4.256247203,4.421328669,5.299719408,4.380734866,2.127037044,4.196666656,6.76518518,9.815185194,3.16185185,5.480925918,8.290185187,5.726018518,6.92567901,0.167094025,0.818765417,0.821709394,1.116885091,0.492929721,0.820237406,0.969297243,0.731113482,0.919119968
2003,450210,444414.5,410609.3333,509156,3.683651226,0.068757611,2.451388889,3.072958577,3.331876306,3.383743421,4.307563025,0.096404229,3.811715924,4.088732493,4.065031513,3.384274194,0.084363254,2.713812992,2.965667756,3.053157505,0.196333333,0.695166667,0.1,0.183655914,0.176989247,0.193333333,1.416666667,0.2,0.185555556,-4.212497115,-3.77478838,-1.608746974,-3.927034896,-3.052774578,-3.356964096,-3.671530219,-4.146710087,-2.946591648,-3.981430133,-3.746670607,-3.726961653,-2.880354605,-4.236040354,-4.083630971,-3.764497485,-4.185237226,-3.842972932,-1.892887586,-4.036691472,-4.942377592,-3.291020555,-4.338586845,-3.697091957,-0.776423405,-3.562248737,-5.464309347,-2.593266013,-4.19626894,-3.299260275,0.392952747,-2.845044637,-5.613857451,-1.718784677,-3.767982242,-2.676589458,1.535549819,-1.933955447,-5.380830447,-0.727171006,-3.08291378,-1.871513492,2.573501709,-0.891070389,-4.78110874,0.313998167,-2.187749839,-0.938896974,3.43607371,0.212539643,-3.855562374,1.333768884,-1.143494363,0.05770382,4.064482966,1.30166545,-2.667265803,2.262645455,-0.021311634,1.050372195,4.415904425,2.302084907,-1.297199476,3.037326479,1.102323446,1.971459441,4.466389295,3.145621083,0.161268852,3.605018722,2.150837006,2.758194983,4.212497115,3.77478838,1.608746974,3.927034896,3.052774578,3.356964096,3.138518506,4.912222226,7.10333335,9.832222267,4.025370366,6.007777788,8.467777809,6.246574087,7.282592614,1.178575486,1.534320988,1.159857565,1.133922165,1.356448237,1.347089276,1.146889865,1.251669051,1.276033572
2004,340237,395223.5,409688.6667,604186,3.228142077,0.08477215,3.083835616,3.331876306,3.38996193,3.455896652,4.136134454,0.103793117,4.088732493,4.354761905,4.22184874,2.790688259,0.104486798,2.965667756,2.954495681,3.087481227,-0.967333333,-0.3855,0.141,0.190322581,0.228172043,0.056666667,-0.453333333,0.481666667,-0.017777778,-8.685543835,1.201669502,-0.507913589,-2.237361224,0.631808472,-1.812087215,-9.401512072,-0.711885328,-2.343211263,-3.734364196,-1.25566064,-3.392277409,-9.476782798,-2.57692635,-4.018822962,-4.976876419,-3.057558554,-4.741289503,-8.906226438,-4.2663541,-5.420558517,-5.880222739,-4.651088906,-5.767190553,-7.728725464,-5.665036868,-6.452891967,-6.382841597,-5.927655234,-6.400067098,-6.024524622,-6.677656736,-7.045471493,-6.450480348,-6.800261655,-6.596789646,-3.909762383,-7.235205332,-7.15791378,-6.078529524,-7.209441482,-6.343951882,-1.528556298,-7.299686642,-6.782556072,-5.292336957,-7.127309786,-5.658784281,0.956818372,-6.866706371,-5.944978377,-4.145480373,-6.559463706,-4.587979882,3.376987451,-5.965771408,-4.70226023,-2.716116153,-5.544601015,-3.204512237,5.567020416,-4.658278982,-3.139090819,-1.101653105,-4.151882928,-1.602662379,7.377670139,-3.033332542,-1.361997556,0.587885782,-2.47622088,0.108406273,8.685543835,-1.201669502,0.507913589,2.237361224,-0.631808472,1.812087215,2.009629617,3.866296296,6.784074095,10.0907408,2.937962956,5.325185195,8.437407449,5.687685203,6.913703732,0.049686598,0.488395057,0.840598309,1.392440702,0.269040828,0.664496683,1.116519506,0.692780167,0.90714469
2005,306352,323294.5,365599.6667,605350,3.258092486,0.092510087,3.228142077,3.38996193,2.780244854,3.243117282,4.620588235,0.092026709,4.354761905,3.898045885,4.378361345,2.68852459,0.10597,2.954495681,2.234836431,2.739606425,-0.754666667,-0.861,-0.508555556,0.208602151,0.143870968,0.18,-0.266666667,-0.36,0.232222222,2.630862474,1.818128045,3.217086029,2.100818282,2.284447373,2.375310351,0.419913765,2.264918761,1.067541725,1.623177892,1.865793082,1.486546048,-1.819651374,2.557359005,-1.154753784,1.034920612,1.319988076,0.496476089,-3.935210279,2.67551946,-3.29835473,0.376135203,0.684228063,-0.527427895,-5.782591106,2.611347685,-5.217178252,-0.308283199,0.001839039,-1.51538854,-7.235897906,2.36921688,-6.780459699,-0.971692611,-0.680675313,-2.40007796,-8.196090221,1.965627861,-7.881664022,-1.568882776,-1.316802767,-3.121206033,-8.597732533,1.428084551,-8.445745967,-2.059156174,-1.863192288,-3.629629074,-8.413453581,0.793219639,-8.434264282,-2.409101481,-2.282608334,-3.890698891,-7.655811671,0.10429812,-7.848001424,-2.594870503,-2.546468395,-3.886624008,-6.376438847,-0.591731144,-6.726910238,-2.603803389,-2.636790842,-3.617682122,-4.662522254,-1.247434909,-5.147391237,-2.435291377,-2.547420351,-3.102201178,-2.630862474,-1.818128045,-3.217086029,-2.100818282,-2.284447373,-2.375310351,2.4837037,3.969259297,6.471111103,9.989629604,3.226481498,5.2201852,8.230370354,5.728425926,6.810000002,0.52376068,0.591358059,0.527635318,1.291329502,0.55755937,0.559496689,0.90948241,0.73352089,0.80344096
2006,273328,289840,306639,621390,1.8545,0.092567523,1.8545,2.780244854,2.275696267,2.556296243,2.937414966,0.105249462,3.898045885,3.412097558,3.779001601,1.225296443,0.115957898,2.234836431,1.684607011,1.956910517,-0.642,-0.698333334,-0.788,0.295483871,0.091182796,-0.083333333,0.273333333,0.003333333,-0.148888889,-0.692184567,6.018336423,7.944169617,3.684242166,6.660280821,4.731765309,-0.576596112,6.322008509,6.947168413,3.162072312,5.75307534,4.092833648,-0.421713584,6.194846162,5.476729162,2.424412455,4.453807283,3.174982137,-0.238091973,5.645515286,3.63305987,1.521532896,2.851019619,2.040760841,-0.038244787,4.711451874,1.541803552,0.514963385,1.05393968,0.767465065,0.164208718,3.456310802,-0.654524131,-0.52670003,-0.814964507,-0.558132186,0.355471671,1.965627861,-2.806247075,-1.532469708,-2.62833021,-1.845693651,0.522509816,0.34099063,-4.766728919,-2.433804108,-4.262579552,-3.007474144,0.653939781,-1.30688455,-6.402366065,-3.16927878,-5.606341142,-3.964300244,0.74080483,-2.865697707,-7.601692544,-3.688772341,-6.568039848,-4.650965834,0.777185255,-4.229218301,-8.282976238,-3.956882163,-7.082137492,-5.020675788,0.760601789,-5.304524656,-8.39978879,-3.955337005,-7.11359917,-5.048234984,0.692184567,-6.018336423,-7.944169617,-3.684242166,-6.660280821,-4.731765309,1.430000002,2.91296298,6.128888881,9.024074131,2.171481491,4.52092593,7.576481506,4.873981498,6.02197533,-0.529943017,-0.464938259,0.185413096,0.325774028,-0.497440638,-0.139762581,0.255593562,-0.120923538,0.015416288
2007,231072,252200,270250.6667,552114,1.714496314,0.090219084,1.714496314,2.275696267,1.619632597,1.784498157,2.678289474,0.130513363,3.412097558,2.572342981,2.80785222,1.14,0.106066709,1.684607011,1.058236069,1.182648222,0.633333333,-0.004333333,-0.254444445,0.260860215,0.170107527,0.15,-0.606666667,-0.166666667,-0.2,3.885159373,1.581253211,1.67041982,2.382611876,1.610975414,2.207482682,0.819932119,-0.088411556,0.511796043,0.22753407,0.111657644,0.297434555,-2.301172155,-1.75205122,-0.681705789,-1.943049806,-1.39526941,-1.632883245,-5.265455349,-3.29629149,-1.828750498,-3.98121805,-2.807111159,-3.45192275,-7.870906463,-4.615894942,-2.851168883,-5.748072862,-4.027652922,-5.035719425,-9.939968308,-5.620932782,-3.67928482,-7.123206008,-4.973716794,-6.276340142,-11.33163774,-6.242913342,-4.256663577,-8.012904437,-5.580830087,-7.089238651,-11.95107479,-6.439449674,-4.543957745,-8.35653667,-5.807619031,-7.419017262,-11.75606584,-6.197148153,-4.521588703,-8.130684738,-5.638628336,-7.243202107,-10.75990043,-5.532521226,-4.191080863,-7.350740079,-5.085374438,-6.573774698,-9.030465585,-4.490862121,-3.574957788,-6.06985463,-4.185560677,-5.456355407,-6.685619437,-3.143158184,-2.715207247,-4.37531862,-3.000507872,-3.967094512,-3.885159373,-1.581253211,-1.67041982,-2.382611876,-1.610975414,-2.207482682,1.070370369,2.407407414,5.210740734,8.792592702,1.738888891,3.809074074,7.001666718,4.370277805,5.47024695,-0.889572651,-0.970493824,-0.732735051,0.094292599,-0.930033237,-0.851614438,-0.319221226,-0.624627232,-0.536312092
2008,232569,231820.5,245656.3333,535359,1.289901478,0.07806533,1.289901478,1.619632597,1.486150615,1.502198896,2.101324503,0.104895561,2.572342981,2.389695887,2.389806989,0.809411765,0.095809804,1.058236069,0.948627451,0.974705883,0.781,0.707166667,0.257444444,0.254623656,0.098064516,-1.886666667,-1.276666667,-0.941666667,-0.536666667,-6.055074811,-5.569371859,-1.74708004,-5.738312016,-4.295274586,-4.75686153,-8.543705574,-6.521260919,-3.387558647,-7.224719929,-5.476693495,-6.28115568,-10.45009692,-7.028736824,-4.79718073,-8.218775119,-6.284884792,-7.377399449,-11.64433143,-7.05721593,-5.879882874,-8.652734366,-6.664771578,-7.970885638,-12.045024,-6.604757433,-6.561880717,-8.497024065,-6.590465194,-8.021169143,-11.62486809,-5.702195631,-6.796697233,-7.762255616,-6.067029499,-7.524823227,-10.41249663,-4.411038621,-6.568330065,-6.498502275,-5.130135769,-6.515673043,-8.490530727,-2.819276619,-5.892342058,-4.791886743,-3.843631765,-5.062490509,-5.98994919,-1.035385573,-4.814800677,-2.758712049,-2.295190608,-3.264307613,-3.081162514,0.819065287,-3.409138587,-0.537535687,-0.590336004,-1.243667548,0.037600295,2.617698203,-1.771149336,1.720272843,1.154749023,0.861726406,3.153800706,4.237939311,-0.012459184,3.860847622,2.821139813,2.908395129,6.055074811,5.569371859,1.74708004,5.738312016,4.295274586,4.75686153,1.070370369,2.407407414,5.210740734,8.792592702,1.738888891,3.809074074,7.001666718,4.370277805,5.47024695,-0.889572651,-0.970493824,-0.732735051,0.094292599,-0.930033237,-0.851614438,-0.319221226,-0.624627232,-0.536312092
2009,433764,333166.5,299135,412163,1.454054054,0.095323115,1.289901478,1.486150615,1.424643448,1.371977766,2.389473684,0.15464561,2.389695887,2.306087659,2.245399094,0.896470588,0.106908703,0.948627451,0.912026144,0.852941177,0.083,0.432,0.499111111,0.190107527,0.175913978,-0.643333333,-1.633333333,-1.455,-1.172222222,3.908987343,1.935628382,-1.388330015,2.622014108,0.82764225,1.635863914,4.436488859,1.537738765,-1.569107327,2.545999667,0.502123401,1.534088111,4.66165099,1.035054791,-1.642952567,2.296479556,0.142385672,1.327766739,4.56912931,0.461833545,-1.604833306,1.890458159,-0.227055405,1.030960258,4.165229019,-0.142860895,-1.457347307,1.355605162,-0.581023032,0.663895539,3.477475253,-0.737819601,-1.210545497,0.728369914,-0.895394899,0.251587436,2.552737296,-1.28249712,-0.881247012,0.051497459,-1.148747084,-0.177865935,1.45403451,-1.73977458,-0.491892999,-0.628884462,-1.323814053,-0.595198036,0.256241676,-2.078489277,-0.069017292,-1.266408946,-1.408665282,-0.971968375,-0.959013606,-2.275558365,0.35856183,-1.817629753,-1.3975183,-1.282500675,-2.108913695,-2.317551911,0.761705556,-2.244982097,-1.291132756,-1.505632674,-3.1150948,-2.201608125,1.112940306,-2.51934262,-1.096758648,-1.626158294,-3.908987343,-1.935628382,1.388330015,-2.622014108,-0.82764225,-1.635863914,1.131851861,2.520740745,5.115185155,8.197037043,1.826296303,3.81796295,6.656111099,4.241203701,5.277654314,-0.828091158,-0.857160493,-0.82829063,-0.501263059,-0.842625826,-0.842725562,-0.664776845,-0.753701335,-0.728904728
2010,388977,411370.5,351770,488626,1.529974811,0.095751457,1.289901478,1.424643448,1.826153082,1.492014433,2.427464789,0.144896687,2.306087659,2.746122348,2.408469237,1.030196078,0.114080321,0.912026144,1.304052287,0.963333333,-2.430666667,-1.173833334,-0.522222222,0.091182796,0.209892473,-1.663333333,-0.07,-0.851666667,-0.993333333,-7.928122163,-3.18708051,-2.369996834,-4.836138476,-2.914719285,-4.229710204,-7.614604621,-3.913605447,-1.841375518,-5.200909508,-3.222862137,-4.374794592,-6.782164359,-4.37342464,-1.187267504,-5.211247151,-3.311372261,-4.221743959,-5.487530803,-4.535202171,-0.452249172,-4.866446912,-3.174217838,-3.780988451,-3.818931092,-4.387913168,0.313589195,-4.190006359,-2.820745714,-3.082564829,-1.890077537,-3.941595135,1.058056975,-3.228023797,-2.275044432,-2.174069509,0.167581677,-3.226663907,1.730419922,-2.046056747,-1.574302631,-1.117414944,2.213820478,-2.291840867,2.28485761,-0.724654312,-0.766274708,0.015389603,4.109191071,-1.200832658,2.683586028,0.646132117,0.093973571,1.147145374,5.724527084,-0.027989688,2.899432494,1.972885711,0.947817706,2.200725084,6.949746036,1.146760732,2.917687426,3.165190403,1.73706963,3.104329015,7.701351281,2.243361304,2.737106782,4.1417926,2.40794313,3.796378055,7.928122163,3.18708051,2.369996834,4.836138476,2.914719285,4.229710204,0.744814825,2.879999988,5.586666637,8.48037031,1.812407406,4.233333312,7.033518473,4.42296294,5.649012311,-1.215128194,-0.497901251,-0.356809148,-0.217929793,-0.856514722,-0.427355199,-0.287369471,-0.571942096,-0.357546731
2011,639399,514188,487380,576498,2.49443038,0.083112667,1.454054054,1.826153082,1.665533023,2.012202596,3.421428571,0.126887742,2.746122348,2.561949961,2.92444668,1.985490196,0.094251667,1.304052287,1.172682826,1.507843137,0.44,-0.995333334,-0.635888889,0.164516129,0.183655914,-1.916666667,-1.766666667,-0.918333334,-1.156666667,2.082424998,-4.514580504,4.932086627,-2.219969895,-1.365691461,-0.461267471,0.369079943,-3.869424262,6.234014916,-2.39516193,-0.501611203,-0.273233197,-1.369417301,-2.960573151,7.11110539,-2.407127638,0.396653029,-0.066578533,-3.014591019,-1.849963872,7.503585785,-2.255051576,1.267886013,0.144613349,-4.454325341,-0.613282613,7.384709208,-1.949297475,2.052714661,0.34595007,-5.590504752,0.665192843,6.762576902,-1.510701973,2.697654196,0.523710865,-6.345700502,1.898336506,5.679586156,-0.969154627,3.158753056,0.665781631,-6.668447251,3.002111673,4.209541,-0.361560996,3.404588115,0.762480478,-6.536750339,3.901297891,2.452622581,0.27067242,3.418406121,0.807217541,-5.959584694,4.534617105,0.528561986,0.884459957,3.199265399,0.796944063,-4.976283201,4.858909657,-1.431519234,1.437973011,2.762100027,0.732360164,-3.653856232,4.852075546,-3.294044785,1.89349058,2.136702102,0.617867129,-2.082424998,4.514580504,-4.932086627,2.219969895,1.365691461,0.461267471,1.091481471,2.649629637,4.914444447,8.284074059,1.870555554,3.782037042,6.599259253,4.234907403,5.282716048,-0.868461548,-0.728271601,-1.029031339,-0.414226043,-0.798366575,-0.87865147,-0.721628691,-0.759997633,-0.723842994
2012,448915,544157,492430.3333,374842,0.972193878,0.08813885,0.972193878,1.665533023,1.701230308,1.733312129,1.836956522,0.155328081,2.561949961,2.646406142,2.629192547,0.502362205,0.094615434,1.172682826,1.211244918,1.243926201,0.261233333,0.350616667,-0.576477778,0.280860215,0.064946237,-2.21,-1.866666667,-1.816666667,-1.234444445,3.938284516,-0.611247094,0.082086245,0.971198683,-0.380135981,0.752564477,2.430935067,-1.25757851,-0.639364211,0.025382734,-1.051507077,-0.138079629,0.757921411,-1.818208029,-1.317243053,-0.922163006,-1.651219703,-1.019313837,-0.966743338,-2.254929675,-1.905353958,-1.806864862,-2.138404436,-1.831083492,-2.625526125,-2.53798159,-2.363618139,-2.568431863,-2.479860439,-2.518067832,-4.105383646,-2.648074254,-2.66080565,-3.154964477,-2.652318052,-3.033450011,-5.305466056,-2.577705034,-2.776663653,-3.526491476,-2.644024573,-3.342107585,-6.143989722,-2.331669475,-2.703296617,-3.657693909,-2.455545189,-3.42300605,-6.563810641,-1.926734495,-2.445704384,-3.539630546,-2.099724458,-3.27063231,-6.536318713,-1.390495744,-2.021441439,-3.180347211,-1.600810975,-2.895370382,-6.063387466,-0.759497005,-1.4594206,-2.60432847,-0.99280487,-2.322793748,-5.177246384,-0.076739801,-0.797942659,-1.850829047,-0.317140754,-1.591922558,-3.938284516,0.611247094,-0.082086245,-0.971198683,0.380135981,-0.752564477,1.091481471,2.649629637,4.914444447,8.284074059,1.870555554,3.782037042,6.599259253,4.234907403,5.282716048,-0.868461548,-0.728271601,-1.029031339,-0.414226043,-0.798366575,-0.87865147,-0.721628691,-0.759997633,-0.723842994
2013,501772,475343.5,530028.6667,485486,1.637066667,0.095622355,0.972193878,1.701230308,1.875975737,1.304630273,2.680833333,0.140189427,2.646406142,3.023429952,2.258894928,1.145882353,0.111794297,1.211244918,1.315035768,0.824122279,-1.603333333,-0.67105,-0.3007,0.183010753,0.138064516,-1.36,-1.276666667,-1.571666667,-1.636666667,-3.417184234,-2.149163469,-4.645830154,-2.59021417,-2.981385697,-3.09569351,-3.340781687,-1.555543729,-5.42326521,-2.176496062,-2.844784223,-2.974881919,-3.036710389,-0.855916256,-5.831113705,-1.614453346,-2.514315405,-2.65133704,-2.525692297,-0.097959504,-5.841581436,-0.942388301,-2.012500148,-2.147107925,-1.842552448,0.666673027,-5.453955047,-0.206101051,-1.373536331,-1.496556952,-1.033845695,1.385872892,-4.694650634,0.544231644,-0.640968283,-0.744018096,-0.154684067,2.01062781,-3.615413539,1.257475853,0.135280694,0.059224363,0.735019025,2.498361766,-2.289791985,1.88502516,0.902310515,0.85843078,1.574631785,2.815836495,-0.808124892,2.384113118,1.607849366,1.599136558,2.306935992,2.941416622,0.728614576,2.720727707,2.20381594,2.230863822,2.882026322,2.866544066,2.215700166,2.871929199,2.649596099,2.710561404,3.260711322,2.596321269,3.551789451,2.827413461,2.914810663,3.005538705,3.417184234,2.149163469,4.645830154,2.59021417,2.981385697,3.09569351,1.922962956,3.643333351,5.75814814,7.693703722,2.783148154,4.700740746,6.725925931,4.754537042,5.698395071,-0.036980063,0.265432113,-0.185327645,-1.004596381,0.114226025,0.040052234,-0.594962013,-0.240367994,-0.308163971
2014,617194,559483,522627,509801,3.018666667,0.095351095,0.972193878,1.875975737,2.596444445,2.327866667,4.5525,0.110878605,3.023429952,3.996111111,3.616666667,2.296862745,0.102793879,1.315035768,1.937777778,1.721372549,0.094933333,-0.7542,-0.415722222,0.26172043,0.130107527,0.103333333,-0.676666667,-0.976666667,-1.273333334,-4.907028019,-12.24770508,-8.286247063,-9.694426101,-10.92721907,-9.348152567,-5.772067499,-12.14219692,-7.271549221,-9.926499731,-10.51864769,-9.273643048,-6.243750116,-11.20921811,-5.761307317,-9.482098808,-9.393247845,-8.56715008,-6.289931482,-9.512349609,-3.85844184,-8.391508521,-7.627713686,-7.276819993,-5.907464412,-7.167230201,-1.692629928,-6.729050796,-5.342363444,-5.490586648,-5.122413405,-4.3336759,0.588531917,-4.60801938,-2.692939961,-3.330178897,-3.988278389,-1.204788748,2.829586283,-2.172959058,0.140002929,-0.942824958,-2.582348792,2.006202766,4.877809021,0.410184833,2.963404851,1.508780944,-1.000436393,5.080474877,6.593617135,2.965375305,5.584855629,3.857565919,0.649654094,7.808521021,7.860081138,5.318480351,7.825707726,5.943464151,2.255471727,10.00442936,8.5908936,7.30913975,9.533250774,7.624325123,3.70758269,11.51855237,8.736250861,8.801693354,10.59111854,8.785600937,4.907028019,12.24770508,8.286247063,9.694426101,10.92721907,9.348152567,0.824444441,2.288148156,5.488518538,7.883703691,1.556296298,3.888333347,6.686111115,4.121203706,5.220123462,-1.135498579,-1.089753082,-0.454957247,-0.814596412,-1.112625831,-0.772355165,-0.634776829,-0.87370133,-0.78643558
2015,520799,568996.5,546588.3333,382173,3.1336,0.111271909,1.637066667,2.596444445,3.454311111,3.076133334,4.755,0.074631213,3.996111111,5.118055556,4.65375,2.370588235,0.135718367,1.937777778,2.671372549,2.33372549,1.323333333,0.709133333,-0.061688889,0.223010753,0.194408602,1.066666667,1.626666667,0.475,-0.108888889,-8.11132813,-9.912291689,-0.594583337,-9.285869581,-6.806388905,-7.148668046,-9.84968583,-10.86642302,-1.012805997,-10.5127753,-7.581884012,-8.176717275,-10.91680372,-11.08002558,-1.362007603,-11.02325276,-7.840686252,-8.647536735,-11.23995947,-10.5385427,-1.618390641,-10.78251375,-7.565158682,-8.529040857,-10.79713057,-9.27887556,-1.764483031,-9.806964258,-6.77407805,-7.82930494,-9.618495054,-7.386868381,-1.790328819,-8.163086354,-5.521355194,-6.596014829,-7.784374999,-4.991458329,-1.694166656,-5.962907606,-3.892361105,-4.913217208,-5.419762652,-2.255888641,-1.482549836,-3.356366558,-1.99810904,-2.895591954,-2.685802437,0.633416129,-1.169899694,-0.521094676,0.032310855,-0.680636894,0.231190776,3.479554638,-0.777522822,2.349688947,2.060528818,1.580702446,3.132428719,6.088567248,-0.332159054,5.060345151,3.948325147,3.734319527,5.820196822,8.282654062,0.135840805,7.426147196,5.567049643,5.633448903,8.11132813,9.912291689,0.594583337,9.285869581,6.806388905,7.148668046,1.705925921,2.868148155,6.165555583,8.781481443,2.287037038,4.516851869,7.473518513,4.880277776,5.93839506,-0.254017098,-0.509753083,0.222079798,0.08318134,-0.381885091,-0.143836643,0.152630569,-0.114627261,-0.068163982
2016,652150,586474.5,596714.3333,433469,4.210666667,0.110619624,3.018666667,3.454311111,3.372139522,3.672133334,6.046666667,0.113838879,5.118055556,4.788174603,5.400833334,3.346666667,0.12023051,2.671372549,2.685098039,2.858627451,-0.397833333,0.46275,0.340144444,0.215698925,0.124086022,0.263333333,0.77,1.198333334,0.573333333,-1.673046878,-2.887500002,2.550000005,-2.465081524,-1.075,-1.231864755,-2.269456174,-4.196493304,3.210558696,-3.52621952,-1.727475971,-1.869634712,-2.711205782,-5.219502522,3.652323118,-4.347051482,-2.262227309,-2.379992154,-2.968191196,-5.886811269,3.845187755,-4.87163907,-2.642811594,-2.728157064,-3.022899286,-6.152943557,3.776009202,-5.064232506,-2.843292637,-2.890402578,-2.871601785,-5.999762909,3.449501861,-4.911706866,-2.850007986,-2.855671933,-2.524609367,-5.437708334,2.887916669,-4.42445652,-2.6625,-2.626331965,-2.005568994,-4.505082922,2.129524728,-3.635686773,-2.293547039,-2.218011814,-1.349852408,-3.265443555,1.226009197,-2.599150982,-1.768292637,-1.658537823,-0.602145611,-1.803269605,0.238943165,-1.385487346,-1.122532015,-0.986037221,0.186596414,-0.218205812,-0.764406449,-0.077405037,-0.400272691,-0.246339811,0.962622202,1.381728347,-1.715663027,1.235952297,0.349264556,0.51014525,1.673046878,2.887500002,-2.550000005,2.465081524,1.075,1.231864755,2.447037062,4.107407402,6.728888883,10.10518512,3.277222232,5.418148142,8.417037001,5.847129617,6.980493802,0.487094043,0.729506164,0.785413097,1.406885018,0.608300103,0.757459631,1.096149058,0.85222458,0.97393476
2017,456155,554152.5,543034.6667,531291,2.772151899,0.096930122,2.772151899,3.372139522,3.714095078,3.491409283,3.562857143,0.15603101,4.788174603,4.817896826,4.804761905,2.338039216,0.114749865,2.685098039,3.173986928,2.842352942,0.884,0.243083334,0.603166667,0.223010753,0.104731183,-0.236666667,0.18,0.475,0.858888889,NA,NA,NA,NA,NA,NA,NA,NA,NA,NA,NA,NA,NA,NA,NA,NA,NA,NA,NA,NA,NA,NA,NA,NA,NA,NA,NA,NA,NA,NA,NA,NA,NA,NA,NA,NA,NA,NA,NA,NA,NA,NA,NA,NA,NA,NA,NA,NA,NA,NA,NA,NA,NA,NA,NA,NA,NA,NA,NA,NA,NA,NA,NA,NA,NA,NA,NA,NA,NA,NA,NA,NA,NA,NA,NA,NA,NA,NA,NA,NA,NA,NA,NA,NA,NA,NA,NA,NA,NA,NA,NA,NA,NA,NA,NA,NA
2018,345311,400733,484538.6667,484890,4.159466667,0.055176521,2.772151899,3.714095078,3.7619173,3.465809283,4.844166667,0.075442633,4.817896826,4.712063492,4.203511905,3.837254902,0.063719326,3.173986928,3.294117647,3.087647059,-0.369666667,0.257166667,0.038833333,0.202795699,0.182795699,-0.29,0.1,0.14,0.35,NA,NA,NA,NA,NA,NA,NA,NA,NA,NA,NA,NA,NA,NA,NA,NA,NA,NA,NA,NA,NA,NA,NA,NA,NA,NA,NA,NA,NA,NA,NA,NA,NA,NA,NA,NA,NA,NA,NA,NA,NA,NA,NA,NA,NA,NA,NA,NA,NA,NA,NA,NA,NA,NA,NA,NA,NA,NA,NA,NA,NA,NA,NA,NA,NA,NA,NA,NA,NA,NA,NA,NA,NA,NA,NA,NA,NA,NA,NA,NA,NA,NA,NA,NA,NA,NA,NA,NA,NA,NA,NA,NA,NA,NA,NA,NA
2019,229636,287473.5,343700.6667,592257,4.354133333,0.086625429,2.772151899,3.7619173,NA,4.2568,5.729166667,0.128764849,4.712063492,NA,5.286666667,3.707058824,0.086266039,3.294117647,3.772156863,3.772156863,0.852333333,0.241333333,0.455555555,0.223655914,0.084946237,0.183333333,-0.42,-0.16,-0.046666667,NA,NA,NA,NA,NA,NA,NA,NA,NA,NA,NA,NA,NA,NA,NA,NA,NA,NA,NA,NA,NA,NA,NA,NA,NA,NA,NA,NA,NA,NA,NA,NA,NA,NA,NA,NA,NA,NA,NA,NA,NA,NA,NA,NA,NA,NA,NA,NA,NA,NA,NA,NA,NA,NA,NA,NA,NA,NA,NA,NA,NA,NA,NA,NA,NA,NA,NA,NA,NA,NA,NA,NA,NA,NA,NA,NA,NA,NA,NA,NA,NA,NA,NA,NA,NA,NA,NA,NA,NA,NA,NA,NA,NA,NA,NA,NA
