"","year","D.90.May","D.90.June","D.90.July","D.90.May.June","D.90.JJ","D.90.MJ","D.75.May","D.75.June","D.75.July","D.75.May.June","D.75.JJ","D.75.MJ","D.60.May","D.60.June","D.60.July","D.60.May.June","D.60.JJ","D.60.MJ","D.45.May","D.45.June","D.45.July","D.45.May.June","D.45.JJ","D.45.MJ","D.30.May","D.30.June","D.30.July","D.30.May.June","D.30.JJ","D.30.MJ","D.15.May","D.15.June","D.15.July","D.15.May.June","D.15.JJ","D.15.MJ","D.0.May","D.0.June","D.0.July","D.0.May.June","D.0.JJ","D.0.MJ","D.neg.15.May","D.neg.15.June","D.neg.15.July","D.neg.15.May.June","D.neg.15.JJ","D.neg.15.MJ","D.neg.30.May","D.neg.30.June","D.neg.30.July","D.neg.30.May.June","D.neg.30.JJ","D.neg.30.MJ","D.neg.45.May","D.neg.45.June","D.neg.45.July","D.neg.45.May.June","D.neg.45.JJ","D.neg.45.MJ","D.neg.60.May","D.neg.60.June","D.neg.60.July","D.neg.60.May.June","D.neg.60.JJ","D.neg.60.MJ","D.neg.75.May","D.neg.75.June","D.neg.75.July","D.neg.75.May.June","D.neg.75.JJ","D.neg.75.MJ","D.neg.90.May","D.neg.90.June","D.neg.90.July","D.neg.90.May.June","D.neg.90.JJ","D.neg.90.MJ"
"1",1978,-1.32351360797475,3.09648108489734,1.08358529655573,1.55909162650705,2.4255158221168,1.44216384045345,-1.21003061795523,3.30132794542742,0.65674187045982,1.73215974946824,2.41979925377156,1.46771273003994,-1.01408604099222,3.28119476217901,0.185142571209328,1.7871840480325,2.24917736518912,1.39323942258418,-0.749033176191999,3.03745357831883,-0.299073888306515,1.72041470718463,1.92527775611038,1.22381915091632,-0.432934938270148,2.58671495272559,-0.762908956577238,1.53640194716186,1.47017364962465,0.970997626570277,-0.0873328997639992,1.95969597785268,-1.17475304022388,1.24768593346427,0.914879638493829,0.652004218622923,0.264220731536625,1.19912696063984,-1.50653964555046,0.873942185299592,0.297238091909741,0.288577800664333,0.597768156628432,0.356839422710392,-1.73565806370726,0.440640721464493,-0.340659739428824,-0.0945147175121668,0.890578669704598,-0.509766132171743,-1.84649425313297,-0.0226896793451895,-0.955342172492152,-0.471166213883168,1.12269771819123,-1.34163196757474,-1.8314949106837,-0.484473816003965,-1.50491961527773,-0.815708511417016,1.27830677252884,-2.08206780153917,-1.69168221675979,-0.913241862732907,-1.95193927327938,-1.10466162191985,1.34680133282043,-2.68061415560844,-1.43658417540074,-1.27977398572014,-2.26593749553921,-1.31833386842848,1.32351360797475,-3.09648108489734,-1.08358529655573,-1.55909162650705,-2.4255158221168,-1.44216384045345
"2",1979,-1.5660917275527,1.89904361166215,0.660126972687431,0.693779145848289,1.48607139867058,0.685504021300537,-2.48409802841252,1.98227243336489,1.35301003061022,0.428752272746659,1.77251829911333,0.65602877058196,-3.23281715380211,1.93041266459389,1.95368769090171,0.134506640803975,1.93817100669649,0.581846243287025,-3.76122513264303,1.74699846288858,2.42122476367982,-0.168905396426765,1.97174056315232,0.46801185605846,-4.03331183441276,1.44452920298888,2.72375937007625,-0.460806810020387,1.87093925868467,0.322283234265672,-4.03053500003021,1.04361766510286,2.84067427662718,-0.721305001030379,1.64263653561097,0.154591542655905,-3.75308386616962,0.571585307999824,2.76400192566216,-0.932647448233025,1.3023908472206,-0.0236353071112583,-3.21986626909391,0.0606003567459816,2.49896741119242,-1.08043151311137,0.873389374894794,-0.200251449757981,-2.46722010686005,-0.454514408673275,2.06363239738882,-1.15458595586868,0.384867860014091,-0.363220787034865,-1.54643697161769,-0.938654768262023,1.48766424601696,-1.15005727377704,-0.129881763502362,-0.501437227926055,-0.520266712367511,-1.35882735659406,0.810314234760449,-1.067154089037,-0.635780159475891,-0.605481550398283,0.541358863549122,-1.6863981061426,0.077742647512601,-0.911526116684607,-1.09835118825753,-0.668263305816441,1.5660917275527,-1.89904361166215,-0.66012697268743,-0.69377914584829,-1.48607139867058,-0.685504021300537
"3",1980,0.245353544458339,3.01543942004209,1.68658528307763,2.05193128940427,2.57248804105394,1.96209210752067,0.0143892455013447,3.32250970832265,2.09975765229721,2.17185911255872,2.91492568964751,2.1541292452813,-0.217555656757214,3.40315645068793,2.36983500752633,2.14377832635918,3.05871596963406,2.19936603484291,-0.434674500535491,3.25188370492076,2.47841202333005,1.96960258997946,2.99405981105719,2.09471966375419,-0.62217099543585,2.87900045865517,2.41808935551334,1.66120169201481,2.72536342427456,1.84732160926855,-0.76726756518344,2.30991808890543,2.19297789420001,1.23959264400495,2.27093802400362,1.47403163995456,-0.860076118333382,1.58341861871692,1.81841861346426,0.733507405829859,1.66175195029937,1.00028885033012,-0.894271905361892,0.749011786385843,1.31993710929977,0.177434850125761,0.939320227357152,0.458378028611173,-0.867524539894189,-0.136438961386927,0.73150407243571,-0.390729597389453,0.152875383220618,-0.114770498252118,-0.781656810684785,-1.01259161941722,0.0932202419027917,-0.932266468553766,-0.643987665643885,-0.680097605326744,-0.642520461576167,-1.81973783197101,-0.551416394062068,-1.41027092052932,-1.39696401933469,-1.19907718451279,-0.459597404826402,-2.50287191853492,-1.15847491403027,-1.7921677398537,-2.05473958370004,-1.63634163514302,-0.24535354445834,-3.01543942004209,-1.68658528307763,-2.05193128940427,-2.57248804105394,-1.96209210752067
"4",1981,1.89793163252034,-1.12133132082721,0.337126979907043,-0.0711529022715379,-0.63517855391579,0.0292437900674575,1.03372317577253,-0.903954888258379,0.63046429457513,-0.229979909465019,-0.392481827313876,-0.0183952691272771,0.0990681929041461,-0.624975423910828,0.880836509459431,-0.373134165888228,-0.123038112787409,-0.0647807211306074,-0.842338123592727,-0.303404917244476,1.07118117187523,-0.49085994553952,0.154790445795425,-0.10675147404409,-1.72634048899632,0.0388421331317542,1.18852660763831,-0.575134431086708,0.422070291300608,-0.14144729041662,-2.49269560298737,0.378442156324715,1.22487591922394,-0.620214455609922,0.660586743957789,-0.166503707699957,-3.08917763100908,0.692251971969381,1.17775196111761,-0.62302788993617,0.854085301685457,-0.180213172463929,-3.47513730858493,0.958885959724807,1.05036615318826,-0.583383003165538,0.989379357545958,-0.181641407340833,-3.62427212151666,1.16017345395896,0.851399627731271,-0.50398152881517,1.0572488452164,-0.170691080484078,-3.5264187787599,1.28239704458309,0.594411624648806,-0.390234546144904,1.05306857127167,-0.14810843857268,-3.18824582391323,1.31722739588021,0.29691545165818,-0.249893724047942,0.977123414472866,-0.115432451333322,-2.63279918499221,1.26229087696928,-0.0208150186869678,-0.0925230576260175,0.834588911750533,-0.074889933296743,-1.89793163252034,1.12133132082721,-0.337126979907043,0.0711529022715378,0.63517855391579,-0.0292437900674575
"5",1982,0.36597854176216,2.78325192523189,1.52137695343699,1.94246118315546,2.36262693463359,1.83891588076567,-0.144182174650161,2.05641708046818,0.937006847711389,1.29099125260093,1.68328033621591,1.20394590713629,-0.644517114132384,1.18944081006046,0.288781273791284,0.55154240164556,0.889220964637403,0.486929009550246,-1.10092927740138,0.241406114091008,-0.379124266704077,-0.225493152515039,0.0345626538259796,-0.263271295348409,-1.48231492978712,-0.723080009611284,-1.02119311495603,-0.987161720976791,-0.822451044726199,-0.995530096545456,-1.76268326934911,-1.63828942560478,-1.59366934002514,-1.68155684951585,-1.6234160637449,-1.6599451668542,-1.9229276570768,-2.4418521246446,-2.05753963323465,-2.26135665766449,-2.31374796084128,-2.21123771723093,-1.9521277027629,-3.07900663674132,-2.38119200068423,-2.68704874666187,-2.84640175805563,-2.61183807142147,-1.84829347154928,-3.50633193484317,-2.54257006839302,-2.92962290413225,-3.18507797935979,-2.83444597731113,-1.61850109469895,-3.69470650607296,-2.53067618773653,-2.97254810211678,-3.30669639996082,-2.86389107399049,-1.27841054294441,-3.63129293470506,-2.34632090702594,-2.81289905931005,-3.20296892547869,-2.69816672678117,-0.851198425361528,-3.32041275083233,-2.00206773398016,-2.46155559414683,-2.8809644118816,-2.34856677607306,-0.365978541762161,-2.78325192523189,-1.52137695343699,-1.94246118315546,-2.36262693463359,-1.83891588076567
"6",1983,-0.7894901824111,-2.26306046197424,-0.284873006190173,-1.75051427777836,-1.60366464337955,-1.39011068640422,-1.28108588113102,-2.7266964943073,-0.0184603290073849,-2.22387541146338,-1.82395110587399,-1.68156022725289,-1.68537769414639,-3.00451266663233,0.249210389090121,-2.54568311098504,-1.91993831472485,-1.85841421752394,-1.974813802524,-3.07757626591831,0.499897831010775,-2.69400671343333,-1.88508490027528,-1.90862035004544,-2.12966961379372,-2.94090812861721,0.716518061868271,-2.65873821041774,-1.72176606512205,-1.8287571598556,-2.13939196032884,-2.60382196243132,0.884308770911528,-2.44228109213481,-1.4411117179837,-1.62426719138571,-2.00331828027993,-2.08928963252498,0.991835298606505,-2.05938655348323,-1.06224798881449,-1.30908609805132,-1.73072177006993,-1.43237566687644,1.03176988978678,-1.53614822450896,-0.610993814655366,-0.904692950501809,-1.34017943138262,-0.677847666642973,1.00139106805844,-0.908223932639372,-0.1181014217425,-0.438646473451385,-0.858306079197816,0.122874531875977,0.902769099918913,-0.218405680671429,0.382839387890289,0.0572930358671796,-0.317940586133541,0.915223034107344,0.742624909516384,0.486296557501819,0.857690325910358,0.549328119472614,0.244092032454074,1.64520059904187,0.531872058776003,1.15785848892438,1.27409108561992,1.00392739954363,0.7894901824111,2.26306046197424,0.284873006190173,1.75051427777836,1.60366464337955,1.39011068640422
"7",1984,-0.644802685645118,-0.00653967907807495,-1.39120631479503,-0.228544203101394,-0.46809522431706,-0.514444722370321,-0.882610553133415,-0.651471314597869,-0.382957479556212,-0.731867571479798,-0.561966702917317,-0.646070007892031,-1.06026997000857,-1.25200625663507,0.651389275047205,-1.1853153743302,-0.617541079407645,-0.733666690057069,-1.16567374060662,-1.76721904132076,1.64134492702783,-1.55798589324627,-0.631031051871228,-0.771265199736249,-1.19163877214926,-2.16199876880798,2.51944563468225,-1.82448224823104,-0.601517300977908,-0.75630326062941,-1.13639559064611,-2.40944185307284,3.22585028591384,-1.96664315309833,-0.531011140077283,-0.68980050416091,-1.00370892762294,-2.49268545684172,3.71241857113006,-1.97478057711345,-0.424317447517792,-0.576288983283076,-0.802621159889691,-2.40605666608432,3.94599166578553,-1.84833996827749,-0.2887072221277,-0.423504320557074,-0.546836086504142,-2.15545908972991,3.91065194947728,-1.59593804512964,-0.133422076660848,-0.241858538259089,-0.253785037512697,-1.75797053847498,3.60880776547005,-1.23477558161853,0.0309555628400336,-0.0437304962688792,0.0565610423856345,-1.24067920020665,3.06102929608286,-0.789465202783246,0.193223631889853,0.157377706773993,0.363052580716927,-0.63883762476356,2.30464673875771,-0.290354075031216,0.342323829743529,0.347760879179174,0.644802685645118,0.00653967907807464,1.39120631479503,0.228544203101394,0.46809522431706,0.514444722370321
"8",1985,1.38441601899831,-0.568997999839485,1.36254362365386,0.110450354538878,0.0748492079916307,0.418342142026169,1.02543752992022,-0.481831112842583,1.40626110448964,0.0424362411618703,0.147532959601491,0.377803010832633,0.596577167793711,-0.361828231769022,1.35414421501081,-0.0284698319211148,0.210162583824254,0.311517228799849,0.127061057572444,-0.217167354649827,1.20974463510811,-0.0974357330072976,0.258469975269485,0.224002062430917,-0.351114053744058,-0.0577068811972683,0.982902957520327,-0.159761549909195,0.28916306504193,0.121221525688228,-0.805361322541312,0.105686220843754,0.689078067701475,-0.211199881203226,0.300150169796327,0.0101799422979302,-1.20472454812989,0.261876981589012,0.348293646324115,-0.248245289617562,0.290682536500713,-0.101555387336822,-1.52198778666486,0.400221258811153,-0.016226411467767,-0.2683731917892,0.26140536871818,-0.206369885152782,-1.73553007274237,0.511291118642216,-0.379640666133534,-0.270211904448073,0.2143138570503,-0.297120616337941,-1.83079885246153,0.587517333686337,-0.717183036788165,-0.253636122365096,0.152617210194836,-0.367623068534703,-1.8013017159236,0.623705213358034,-1.00585056868669,-0.219775457696448,0.0805199526764592,-0.413072616136671,-1.64904884423731,0.61738861346098,-1.22597104657587,-0.170937458781903,0.00293539344869499,-0.430371947583699,-1.38441601899831,0.568997999839485,-1.36254362365386,-0.110450354538878,-0.0748492079916307,-0.418342142026169
"9",1986,-2.77835732545645,0.577126974542625,0.963126965914853,-0.589997999370098,0.705793638333368,-0.208082024300028,-2.87293789331205,-0.00272448613932297,0.687569818260658,-1.00105958428636,0.227373615327338,-0.585822845955124,-2.77173249149277,-0.582390277593303,0.365155923754849,-1.34390061286268,-0.266541543810586,-0.923640808776405,-2.48163810088278,-1.12236713407474,0.0178572564938423,-1.59515703557319,-0.742292337218545,-1.19851417686818,-2.0224241747985,-1.58585652516837,-0.330658353286708,-1.73770614243102,-1.16745713454115,-1.39171078444472,-1.42538538341567,-1.94127241482359,-0.656640142729534,-1.76183344737736,-1.51306165745891,-1.49006460197216,-0.731208933713788,-2.16439379751294,-0.937872991594486,-1.66589471445237,-1.75555352887346,-1.48687297932338,0.0127981964407941,-2.24001531973165,-1.15519134599067,-1.45642800975863,-1.87840732848466,-1.38235342030749,0.755933150657955,-2.16298349971099,-1.29378531920156,-1.14770814306092,-1.87325077287452,-1.18362876014469,1.44755250989637,-1.93854792868427,-1.34420996099019,-0.760773863091003,-1.74043527278624,-0.904241756017033,2.04052355777899,-1.58200351991964,-1.30302891534933,-0.321994101589683,-1.48901198506287,-0.563232170546975,2.49443629732358,-1.11764818565691,-1.17304860248452,0.138729025814561,-1.13611499126611,-0.18383924343931,2.77835732545645,-0.577126974542625,-0.963126965914853,0.589997999370098,-0.705793638333368,0.208082024300028
"10",1987,-0.852185493509751,-1.25710215112582,-0.234289673987466,-1.11626157456371,-0.916164658746372,-0.899383238356438,-0.402687845115827,-1.15235524863797,-0.26403959165656,-0.89160136915201,-0.85625002964417,-0.73728289927608,0.0742523144496128,-0.969077240312536,-0.275795647500317,-0.606180003873528,-0.737983376041796,-0.524937949027656,0.546132301493062,-0.719758219535659,-0.268756685740784,-0.279448473090886,-0.569424374937367,-0.276819345053976,0.980794274716061,-0.421388865554123,-0.243402399989439,0.0663270093224627,-0.362060043699228,-0.00983596018046407,1.34861673895633,-0.0943025567631,-0.201460642920299,0.407582415661051,-0.1300219188155,0.257817729124653,1.62453320113127,0.239210315428985,-0.145789675965595,0.721061753934128,0.110876984964125,0.507901566253868,1.78974041031716,0.556421399938321,-0.0801833835226659,0.985401925287483,0.344219805451326,0.723372750989906,1.83297976822581,0.835713285571702,-0.00911272600197388,1.18258858388617,0.554104615047143,0.889547278175974,1.75130458407216,1.05805269187487,0.0625789487362609,1.29918378481306,0.72622811082867,0.995100628400733,1.55028088668166,1.20828755574152,0.130005971534722,1.32724175780766,0.848860361005921,1.03283951528152,1.2436081088241,1.27617961947398,0.188573302218118,1.26485039837837,0.913644180388693,1.00019209604388,0.852185493509751,1.25710215112582,0.234289673987466,1.11626157456371,0.916164658746372,0.899383238356438
"11",1988,-0.0378105117124507,0.297251980798319,-0.471414668687309,0.180708505142399,0.0410297643031097,0.0203503476432906,-0.573581252082786,0.176025806929594,-0.260729955548544,-0.0847070831616681,0.0304405527702151,-0.127991396043687,-1.07026337801152,0.0428037652150181,-0.0322769268157693,-0.344350023733342,0.0177768678714222,-0.26761073760607,-1.49400882342262,-0.0933352823623952,0.198375721139356,-0.580526079252908,0.00390171880485517,-0.388992849648253,-1.81594003648379,-0.223113684690658,0.415509391530214,-0.777140241836095,-0.0102393259503676,-0.483865741827986,-2.01411793704139,-0.33768725812005,0.604326783550024,-0.920793581223125,-0.023682577563359,-0.545763983328089,-2.07503702867689,-0.429248002963141,0.751960303968129,-1.00169635973314,-0.0355119006527174,-0.570469311282008,-1.99454577596888,-0.491556205770158,0.848348972343964,-1.01433518670884,-0.0449211463987837,-0.55629809841717,-1.77812952477134,-0.520365665488977,0.886924060217523,-0.957848746978494,-0.0512690902534773,-0.504216089471277,-1.44053668495861,-0.513713065049645,0.865056739098567,-0.836086498061457,-0.0541231303335741,-0.417772587284402,-1.00477365066537,-0.472051768178159,0.784237230783899,-0.657346335999799,-0.0532887685241396,-0.302858573675939,-0.500536952546263,-0.398220923407763,0.649973251204609,-0.433809107455937,-0.0488228652036389,-0.167305248768917,0.0378105117124504,-0.297251980798319,0.471414668687309,-0.180708505142399,-0.0410297643031097,-0.0203503476432907
"12",1989,1.17625196115114,-1.15158132015107,3.3256685797746,-0.34190017882856,0.340835313157489,0.559960991319758,1.74292132694942,-1.46368307762818,3.07750496578591,-0.348342415166403,0.0500462701765196,0.494079071953018,2.19081348462978,-1.67603725221558,2.61961447419633,-0.331045691573714,-0.244153343411608,0.394526480336953,2.48940532382309,-1.77417225784701,1.98320158530788,-0.291188751179149,-0.521714310128711,0.26808756107176,2.61834830413466,-1.75140035606445,1.21163678577628,-0.231487778603889,-0.763721308784206,0.123378917555169,2.56885517454462,-1.60927341434203,0.357500941618486,-0.156011296468416,-0.953681962355194,-0.0297377952995056,2.34429881004326,-1.35747714888227,-0.520998000912368,-0.0699029022994775,-1.07865076622564,-0.180827926548549,1.95998235577441,-1.01317105906323,-1.36399179067095,0.0209692591411622,-1.13011130293247,-0.319594933435587,1.44209634298352,-0.599819035913382,-2.11403179399832,0.110412400224671,-1.10455662194169,-0.436582073764589,0.825933847595195,-0.145590336713858,-2.72000402416742,0.192331118697987,-1.00372823253171,-0.523816867252524,0.153485325413476,0.318560103333309,-3.1406124751087,0.261142789274237,-0.834497422814028,-0.575354406885502,-0.529422968048679,0.761001198783773,-3.34719337597883,0.312158010320312,-0.608396992803762,-0.587682494507347,-1.17625196115114,1.15158132015107,-3.3256685797746,0.34190017882856,-0.340835313157489,-0.559960991319758
"13",1990,1.29148633357545,-0.368810504314024,0.555501975025982,0.208684047995358,-0.0607063445340221,0.293967144806167,0.685236595845545,-0.11445756544329,0.706941851250839,0.163696925439783,0.159342240121419,0.297281743262174,0.0322891165157826,0.147695467362333,0.810204808589599,0.107554127937446,0.368531914438089,0.280337082196172,-0.622858812744242,0.399783298145514,0.858253647149731,0.0440816943577729,0.552606747813586,0.244287912257435,-1.2355599432386,0.624626557833216,0.847813917987821,-0.0223948338439381,0.699022344551418,0.191590924803216,-1.7640597054606,0.806902549848777,0.779597071393786,-0.0873451911283975,0.797800723697113,0.125837332442631,-2.17234171400196,0.934189466561656,0.65825197272934,-0.14634311798221,0.842210301950884,0.0515081338321057,-2.43258222469851,0.997812914949447,0.492048089936208,-0.195368003188972,0.829224639945034,-0.026331258977862,-2.52704627681405,0.99343706214724,0.292311942961839,-0.231078881839296,0.75972868908544,-0.102376220002951,-2.44929630130614,0.921360115292068,0.0726552201429471,-0.25104211656818,0.638458483575694,-0.171444410819542,-2.20463083051774,0.786493999199323,-0.151952835860259,-0.253897245919656,0.473678387512796,-0.228828948364066,-1.80972341195426,0.598029616803933,-0.366205557213522,-0.239449697546745,0.276617892131448,-0.270619171235297,-1.29148633357545,0.368810504314024,-0.555501975025982,-0.208684047995358,0.0607063445340222,-0.293967144806167
"14",1991,-0.382224566514196,-0.758831328929712,-1.41228964765711,-0.627837672437359,-0.976650768505513,-0.820735699130741,-0.749057446523541,-0.883639297285206,-0.900039288228714,-0.836828218759409,-0.889105960933042,-0.852371924366615,-1.06484329942827,-0.948228707813696,-0.326452738692778,-0.988790304897024,-0.740970051440056,-0.825920411568111,-1.30806184121371,-0.948197898926713,0.269381025496413,-1.07336796580915,-0.542338257452338,-0.743183787619255,-1.46213813019484,-0.883548970198992,0.846856917971216,-1.08479737367581,-0.306747007475589,-0.609800416713425,-1.5165721219007,-0.75868763928592,1.36662091098351,-1.02229963323889,-0.0502514558627771,-0.434860155151412,-1.46765422975295,-0.582122999546118,1.79325194736011,-0.890133862226756,0.209668649422626,-0.230284892656214,-1.31871812726084,-0.36588763939099,2.09767582701309,-0.697306939519633,0.455300182743703,-0.0100160952902751,-1.07991356368064,-0.124717641269279,2.25914656562833,-0.456959701238449,0.669903761029924,0.210935282417316,-0.767514675377155,0.124951657999285,2.26666019921222,-0.185471414479476,0.838854505070265,0.417511769215204,-0.402810930324687,0.366105708267577,2.11970468605289,0.0986564426702677,0.950638700862682,0.595635518911896,-0.0106562860471286,0.582310259535723,1.82829480151668,0.376061026289514,0.99763844019604,0.733167692328979,0.382224566514196,0.758831328929712,1.41228964765711,0.627837672437359,0.976650768505513,0.820735699130741
"15",1992,-2.13710733978951,1.35508529048723,1.97383527665709,0.140409592999672,1.56133528587719,0.591251974226907,-2.25367951271098,0.263849641099933,1.87011785278761,-0.611812673269079,0.799272378329157,-0.00150188817317265,-2.21666715122268,-0.845366925296181,1.63895498776652,-1.32234091692279,-0.0172596209419482,-0.594153399376238,-2.02859258659423,-1.89697313276826,1.29610004883032,-1.9427538123599,-0.832615405568732,-1.14631433829673,-1.70227278959713,-2.8193037561385,0.864918033472941,-2.43077124603716,-1.59122982626802,-1.62035584943631,-1.25994591512779,-3.54950348764766,0.374793283479013,-2.7531356363364,-2.24140456393877,-1.98397278720146,-0.731755808701564,-4.03781042230548,-0.140873009408824,-2.88787838279108,-2.73883128467326,-2.21238525818888,-0.153697753195975,-4.25094724948041,-0.646939039509105,-2.82581698990322,-3.04961117948998,-2.29002732997024,0.434834550192374,-4.17438904662574,-1.10891724318415,-2.57118083903683,-3.15256511214521,-2.21160782366322,0.993733597583183,-3.81335312874759,-1.49532456930859,-2.14132296306732,-3.04067694226792,-1.98247089902829,1.48491134252111,-3.1924434970093,-1.77982799717534,-1.56553746586829,-2.72157166373132,-1.61823185881265,1.87489483339825,-2.35397411671216,-1.94303908833943,-0.883063177543318,-2.21699577392125,-1.14371299167351,2.13710733978951,-1.35508529048724,-1.97383527665709,-0.140409592999672,-1.56133528587719,-0.591251974226907
"16",1993,1.02648633949866,-1.20637298559304,3.89337690041866,-0.429726263822016,0.493543643077525,0.633331891319134,0.241531463026653,-1.24180664734865,3.4987242414305,-0.72586295678333,0.338370315577731,0.312969960810235,-0.559883383501007,-1.19261323826997,2.86563930730404,-0.972533288785113,0.1601376102547,-0.028720355320567,-1.32314310269411,-1.06214520788975,2.03726579007767,-1.15292708434344,-0.0290082085672745,-0.368453426698904,-1.99623280603597,-0.859293736869791,1.07005597599842,-1.25475080440585,-0.216177165913721,-0.683077005945787,-2.53328254257718,-0.597882817732199,0.0299236155059818,-1.27106533072176,-0.388614006652805,-0.951150016075591,-2.89769326028909,-0.29572717261423,-1.01224798993208,-1.20075885528375,-0.534567445053512,-1.15440372445956,-3.06463097097683,0.0265817906051379,-1.98543656767516,-1.04862264820598,-0.644090995488294,-1.27898672676397,-3.02271914553463,0.347079248723252,-2.82332092442024,-0.825024540583839,-0.709720808991246,-1.31640889726492,-2.77481400560383,0.643923829616455,-3.46880062592452,-0.545202373938427,-0.726984322230537,-1.26411997688583,-2.33780987678808,0.896886065655739,-3.87788729723611,-0.228225566498634,-0.694705055308213,-1.125683369139,-1.74148786828272,1.08872699849489,-4.02270235775283,0.10430443613746,-0.61508278692102,-0.910533300065071,-1.02648633949866,1.20637298559304,-3.89337690041866,0.429726263822016,-0.493543643077525,-0.633331891319134
"17",1994,-1.66359172537341,-0.325477171949266,1.80021028053792,-0.790908320966359,0.383085312213128,-0.153748009121045,-1.6965217899147,-0.290283768828948,2.08116908073458,-0.779410037032688,0.500200514358896,-0.0759889424997521,-1.61383669810812,-0.235308006579546,2.22029964737371,-0.714796247111225,0.58322787807154,0.00694864497523448,-1.42117130231672,-0.164296392546616,2.20812046226297,-0.601470274205783,0.626509225723248,0.0894126937783375,-1.13165543086906,-0.0820882508742596,2.04546151674061,-0.447155096089842,0.627095004997365,0.16578341526191,-0.765019111956692,0.00571406943792865,1.74340774913736,-0.262367037134113,0.584945296004407,0.23085627096543,-0.346248004818335,0.0931269853608683,1.32254362454793,-0.0596990981797242,0.502932531756556,0.280196653310683,0.0961193316465087,0.174193451131085,0.811550337552235,0.147037235658189,0.386645746604802,0.310442096779676,0.531936294504349,0.243388921075006,0.245251236202699,0.343753224876517,0.244009692784237,0.319531424382955,0.931502677958008,0.295997838266876,-0.33776133159722,0.517042999898574,0.084744781645511,0.306845213465182,1.26758869328979,0.328434991940414,-0.89775602282578,0.655097148931501,-0.0802953463149838,0.273248008335448,1.51729063396323,0.3384898436777,-1.39657012471074,0.748507509863972,-0.239863479118446,0.221029403001338,1.66359172537341,0.325477171949266,-1.80021028053792,0.790908320966359,-0.383085312213128,0.153748009121045
"18",1995,-0.335974567547965,-2.57360212169976,0.212918649349983,-1.79529688547305,-1.64476186468318,-1.30147339330345,-0.920901680635231,-2.59011525725939,0.228213745494206,-2.00951923060751,-1.65067225634153,-1.45925702336938,-1.44307086604919,-2.43011631840465,0.227956452024045,-2.08679616106362,-1.54409206159508,-1.51759469882895,-1.86689715672926,-2.10450896840772,0.212164303064295,-2.02186138173695,-1.33228454458372,-1.47251080350714,-2.16349749137165,-1.63548281007932,0.181913507468801,-1.81914009052883,-1.02968403756328,-1.32707773036548,-2.31265904732572,-1.05500120100715,0.139265606965594,-1.4924474084223,-0.656912265016233,-1.09120650299905,-2.30421671105432,-0.402623003558256,0.0871269854949787,-1.06404690181776,-0.239373007207178,-0.780971355757249,-2.13874581382273,0.277193286217158,0.0290508039470321,-0.563133357274977,0.194479125460449,-0.417514301236778,-1.82752292382369,0.938119311620436,-0.0310051418811814,-0.0238432050557814,0.615077827119897,-0.0256043370620272,-1.39175736669049,1.53511405625225,-0.0889481385286119,0.517071822185207,0.993759991325293,0.368050520370333,-0.861145845005134,2.02749331484639,-0.140829466529067,1.02274925924586,1.30471905438791,0.736623343071699,-0.271848657093471,2.38170225462488,-0.183113499117263,1.45872802446198,1.52676367004417,1.05499650227036,0.335974567547964,2.57360212169976,-0.212918649349983,1.79529688547305,1.64476186468318,1.30147339330345
"19",1996,-2.0477323417872,-0.430539669600936,0.48321030997516,-0.993041468622244,-0.125956343075571,-0.630028736180259,-2.02855818408202,-0.296634175546005,-0.238072332372556,-0.89904252634114,-0.277113561154855,-0.73650887208657,-1.87114113848255,-0.142513552638766,-0.943130738702214,-0.74377532162791,-0.409385947993249,-0.79279714549864,-1.58620891650244,0.0213191333660226,-1.58391634378655,-0.537821057892573,-0.513759359018169,-0.795057603604207,-1.19317917819686,0.183698955663451,-2.11676066758736,-0.295215177853179,-0.583120918753486,-0.743136199918961,-0.718836250718986,0.333559997709293,-2.50535125000449,-0.0324908713092387,-0.612743751528634,-0.640571292299874,-0.195505820687686,0.460689477145206,-2.72320628502251,0.232447634420722,-0.600609110244032,-0.494352509704663,0.341148007934835,0.556423730039031,-2.75547931202742,0.481545218002789,-0.547543950649784,-0.314444420529228,0.854553163590337,0.614238625264387,-2.59997097756252,0.697826290769065,-0.457164575677915,-0.113107463738702,1.30972193336303,0.630194173255298,-2.26727891763193,0.866551655031901,-0.335630190373779,0.0959375797866961,1.67563531779487,0.603203029783973,-1.7800755463203,0.976222956048632,-0.191223162250784,0.298444635793977,1.92735692443727,0.535104596673009,-1.17156296824086,1.01936627589536,-0.0337845916316148,0.480613183074979,2.0477323417872,0.430539669600936,-0.48321030997516,0.993041468622244,0.125956343075571,0.630028736180259
"20",1997,4.18484564390383,-0.887997992709279,-1.80233130560567,0.876469359156149,-1.19277576367474,0.217747884214718,3.35256903191797,-1.14613418708561,-1.60233102979801,0.418632149959113,-1.29819980132308,-0.0783260089975563,2.29182038078919,-1.32616323068836,-1.29313454228684,-0.067734148435298,-1.31515366788785,-0.369062114136498,1.07488795812188,-1.41581644170805,-0.895813072724701,-0.549484476549816,-1.24248198538027,-0.634647246101018,-0.215296302555102,-1.40898410197264,-0.437443422657469,-0.993788345653497,-1.08513720886758,-0.856982217047916,-1.49080847600691,-1.30613182414412,0.0507372737544338,-1.37036718131378,-0.853842124844599,-1.02091526613307,-2.66472451549635,-1.11426882098507,0.535460308807281,-1.65355775820638,-0.564359111054283,-1.11527462697351,-3.65704398292018,-0.846470239092174,0.983692608704912,-1.82406110651061,-0.236415956493146,-1.13362986506417,-4.40014194645893,-0.520986109263362,1.3648878829482,-1.87025770480965,0.107638554807159,-1.07473010126263,-4.84337750792488,-0.159997637058505,1.65306830355244,-1.7889993312729,0.444357676478478,-0.942589257135519,-4.95654489628553,0.211894409703292,1.82859485109413,-1.58582360977108,0.75079455683357,-0.746212512837015,-4.73193194104205,0.569346202615878,1.87950568142961,-1.27457662996079,1.00606602888712,-0.498982618963153,-4.18484564390383,0.887997992709279,1.80233130560567,-0.876469359156149,1.19277576367474,-0.217747884214718
"21",1998,1.49437695404049,2.5831477630379,0.410210311606837,2.20444487295184,1.85883527922754,1.76323965294897,1.31161175023578,2.19233294407892,0.524736901600189,1.88599513752479,1.63646759658601,1.55125950574005,1.03946237319341,1.65211425798246,0.603503538918219,1.43901795022974,1.30257735162771,1.23356358679248,0.696475353210694,0.99930671545239,0.641142407395725,0.893974067716148,0.879918612766835,0.831802347965224,0.306024688886614,0.278398071696672,0.635088480347139,0.288007329849695,0.397294874580161,0.373355153742509,-0.10528105225538,-0.461482940570607,0.585754322896232,-0.337586631591397,-0.112403852748327,-0.110535577209193,-0.509412063671334,-1.16991465307462,0.496501976344734,-0.940174621977823,-0.614442443268167,-0.586893491242768,-0.878827484791326,-1.79861861534697,0.373413840613654,-1.47869126558848,-1.07460779669343,-1.0232555837355,-1.18835226515388,-2.30474969134123,0.224878168740302,-1.91643754310215,-1.46154040464738,-1.38988449920646,-1.41689280249116,-2.65381588464953,0.0610174212960435,-2.22358176911618,-1.74887144933434,-1.66179508294924,-1.54887443686474,-2.82202891105707,-0.107001562573484,-2.37919257220757,-1.91701979489588,-1.82045707803525,-1.57530283800202,-2.79792533079936,-0.267728566782072,-2.37266533330463,-1.95452640946026,-1.85505793170072,-1.49437695404049,-2.5831477630379,-0.410210311606837,-2.20444487295184,-1.85883527922754,-1.76323965294897
"22",1999,-0.927576116824639,-0.0788521774617645,0.328876980091445,-0.374060504196677,0.0570575417226387,-0.201207024453696,-0.971906314432902,-0.309107367730547,0.213410346791835,-0.539646131800931,-0.134934796223086,-0.354468309196153,-0.950002702863689,-0.51829740171257,0.0834001510356343,-0.668455767330351,-0.317731550796502,-0.483573164453469,-0.863357977048013,-0.692166324294835,-0.0522936271883785,-0.751711246991593,-0.47887542525935,-0.57972330769572,-0.71787683186303,-0.818865255735343,-0.184423681138808,-0.78373884743193,-0.607384730869831,-0.636366265556572,-0.52347356693414,-0.889759873236305,-0.303985565994172,-0.762355940609465,-0.69450177082226,-0.649641914064721,-0.29339644349966,-0.900018825773926,-0.402831336886932,-0.689019736287225,-0.734289662811595,-0.618645539713382,-0.0433248373012254,-0.848942982686488,-0.474224817881109,-0.568727975595962,-0.724036927751362,-0.54548949419067,0.209699284961608,-0.740013078273578,-0.513300661230254,-0.409678343235252,-0.66444227259247,-0.435159241102876,0.448432747498762,-0.580652505505758,-0.517395912786007,-0.222709808808534,-0.559566974599174,-0.295173604868568,0.65660625936403,-0.381721424061356,-0.486231487922567,-0.0205639689568741,-0.416558112015093,-0.135072375259913,0.820033139746787,-0.156776658391652,-0.42193119069273,0.182983271395631,-0.245161502492012,0.0342338135050503,0.927576116824639,0.0788521774617644,-0.328876980091445,0.374060504196677,-0.0570575417226388,0.201207024453696
"23",2000,-1.11921673754114,0.0505228196464788,0.988085298690324,-0.356343113288344,0.363043645994427,-0.0257459628017864,-1.24097136522764,-0.48698595306565,0.647113150286534,-0.749241748600254,-0.108952918614922,-0.405875789857602,-1.27815584517602,-0.991307437858693,0.26204131009576,-1.09108079692559,-0.573524521873875,-0.758345852576078,-1.22823611652806,-1.42807295897466,-0.1408882123343,-1.35856449203672,-0.99901137676121,-1.05913589866727,-1.09461412629487,-1.76751766793866,-0.534216435922556,-1.53346426214952,-1.35641725726663,-1.28774758356912,-0.886395992290058,-1.98650896879369,-0.891138692237093,-1.60386097696634,-1.62138554327483,-1.42860139875423,-0.617771436249313,-2.07012296628673,-1.18733131935199,-1.5649572167085,-1.77585908397515,-1.47209838948968,-0.307046777743747,-2.01266150466727,-1.40260927921083,-1.41940420834605,-1.80931076284846,-1.41527430773903,0.0246026112462643,-1.81804048758514,-1.52230173461288,-1.17712114886117,-1.71946090326105,-1.26200162076733,0.35457537293758,-1.49952301572805,-1.53825184252363,-0.854619228366089,-1.51243262465991,-1.02272560889663,0.660384408926709,-1.07881552842803,-1.44937262944775,-0.473876419782906,-1.20233456210127,-0.713752536913606,0.921189338784318,-0.584588545692607,-1.26172106687653,-0.0608397163093287,-0.810299386087248,-0.356138409071755,1.11921673754114,-0.0505228196464791,-0.988085298690324,0.356343113288344,-0.363043645994427,0.0257459628017863
"24",2001,-3.67034949301888,0.0445853197791925,1.50737695374992,-1.24756591945492,0.532182531102768,-0.570120950634057,-3.14889742764005,0.356119038417128,2.1352530602767,-0.863017123689717,0.949163712370317,-0.125737570255354,-2.4128532063666,0.643383833101473,2.61761519941814,-0.419655137148292,1.30146095520703,0.327214617745093,-1.51237702650772,0.886803082802008,2.92159118853289,0.0523056534768839,1.5650657847123,0.757867670293934,-0.508834851613553,1.06978816792097,3.02646556630684,0.52070190025679,1.72201396738293,1.13687329354779,0.529383577528731,1.17986895730466,2.92509131720781,0.953613173034772,1.76160974393904,1.43840288061831,1.53152539071016,1.20954362707368,2.62437692878302,1.32153728399071,1.68115472764346,1.64190768844784,2.42929627948006,1.15678989752298,2.14481558964961,1.59940081298631,1.48613179489852,1.7335192006904,3.16151464140532,1.02520284814178,1.51908861255692,1.76826781971171,1.18983143628016,1.70699424418184,3.67828100516878,0.823749918887533,0.789838256931112,1.81663029672449,0.812446031568726,1.56414045087366,3.94437859707676,0.566159793972206,0.00676172936488184,1.74119242113901,0.379693772436431,1.31469307070275,3.94167330598779,0.26998681472097,-0.77677559888328,1.54709515950943,-0.07893398981378,0.975651530396467,3.67034949301888,-0.0445853197791923,-1.50737695374992,1.24756591945492,-0.532182531102767,0.570120950634057
"25",2002,-1.79609084129333,-5.82145551045736,-4.25624720255534,-4.421328669009,-5.29971940782335,-4.38073486578269,-1.68767550621768,-4.82479845850771,-3.31718297493284,-3.73362525771118,-4.32225996398276,-3.63122141768372,-1.46424787440894,-3.49933936496721,-2.15205820947273,-2.79148145520781,-3.05024564646905,-2.63424623084673,-1.14103416974325,-1.93540607663593,-0.840274233481399,-1.65910280467326,-1.57036212891775,-1.45775151667526,-0.740060872057677,-0.23957806259167,0.528773042902864,-0.413659039797238,0.0165389725731742,-0.181913445690656,-0.288653648949793,1.47257680049674,1.86178531025207,0.859974905037077,1.60231297041518,1.10632172599158,0.18242484331131,3.08437798817952,3.06791998545329,2.07500298126884,3.07889198727078,2.31916290033059,0.641071383972055,4.4859839131435,4.06498098362336,3.14862303343169,4.34564960330346,3.37395695560997,1.05602996923566,5.58187744786569,4.7850202454582,4.00766962921176,5.31625838039652,4.19882142009203,1.39902185726789,6.29737525900445,5.17896828518491,4.59360016274826,5.92457293439794,4.7375431436753,1.64667271772025,6.58371735314674,5.21997819492602,4.86648443647666,6.12913763373983,4.95340913117732,1.7821055537153,6.42138998977943,4.90525521710476,4.80772583810495,5.91601173222121,4.83170847228523,1.79609084129333,5.82145551045736,4.25624720255534,4.421328669009,5.29971940782335,4.38073486578269
"26",2003,-4.21249711513519,-3.77478837966919,-1.6087469736735,-3.92703489635302,-3.05277457767063,-3.35696409569412,-3.67153021869485,-4.14671008673039,-2.94659164795543,-3.98143013263107,-3.74667060713874,-3.7269616527928,-2.88035460534101,-4.23604035414335,-4.08363097090212,-3.76449748499471,-4.18523722639628,-3.84297293234899,-1.89288758564423,-4.03669147180911,-4.9423775917011,-3.2910205548822,-4.33858684510644,-3.69709195737865,-0.776423405130442,-3.56224873661915,-5.4643093472908,-2.59326601262308,-4.19626894017637,-3.29926027524629,0.392952747342646,-2.84504463692298,-5.61385745106079,-1.71878467717841,-3.76798224163558,-2.67658945764129,1.53554981946945,-1.93395544687907,-5.38083044687907,-0.727171006410018,-3.0829137802124,-1.87151349177126,2.57350170901547,-0.891070389142838,-4.7811087399853,0.313998166738314,-2.18774983942366,-0.938896974259295,3.43607371000475,0.212539643050034,-3.8555623736173,1.33376888372994,-1.14349436250574,0.0577038204478293,4.06448296603749,1.30166544980741,-2.66726580310536,2.26264545545266,-0.0213116344968443,1.05037219515151,4.41590442481046,2.30208490726428,-1.29719947597695,3.03732647858469,1.10232344618387,1.97145944057773,4.46638929465971,3.14562108266628,0.161268851715805,3.60501872162051,2.15083700568279,2.75819498311936,4.21249711513519,3.77478837966919,1.6087469736735,3.92703489635302,3.05277457767063,3.35696409569412
"27",2004,-8.68554383516312,1.2016695022583,-0.50791358947754,-2.23736122380132,0.631808471679687,-1.81208721536105,-9.40151207216816,-0.711885328367086,-2.34321126312029,-3.73436419577615,-1.25566063995149,-3.3922774090575,-9.47678279818824,-2.57692635031039,-4.01882296152109,-4.97687641913747,-3.05755855404729,-4.74128950333016,-8.90622643763585,-4.26635410005218,-5.42055851651319,-5.88022273921172,-4.65108890553918,-5.76719055330224,-7.72872546359367,-5.66503686835892,-6.45289196650141,-6.38284159713623,-5.92765523440642,-6.4000670977998,-6.02452462153031,-6.67765673600308,-7.04547149288074,-6.45048034836038,-6.8002616549623,-6.59678964619325,-3.90976238250732,-7.23520533243815,-7.1579137802124,-6.07852952376656,-7.20944148169623,-6.34395188190898,-1.5285562983043,-7.29968664220971,-6.7825560724344,-5.29233695737305,-7.12730978561794,-5.65878428074879,0.956818371569443,-6.86670637061722,-5.94497837702387,-4.14548037333491,-6.55946370608611,-4.58797988243875,3.37698745063785,-5.96577140763599,-4.70226022976046,-2.71611615258422,-5.54460101501081,-3.20451223713575,5.56702041568092,-4.65827898212777,-3.13909081869131,-1.10165310462909,-4.15188292764895,-1.60266237857882,7.37767013933155,-3.03333254215753,-1.36199755592121,0.587885781838673,-2.47622088007876,0.108406272553456,8.68554383516312,-1.2016695022583,0.507913589477539,2.23736122380132,-0.631808471679688,1.81208721536105
"28",2005,2.63086247444153,1.81812804539998,3.21708602905273,2.10081828158835,2.28444737328423,2.37531035063697,0.419913764799678,2.26491876056918,1.06754172491205,1.62317789247544,1.8657930820168,1.48654604799264,-1.81965137397296,2.55735900516081,-1.15475378358528,1.03492061241863,1.31998807557878,0.496476088811108,-3.93521027872542,2.67551945978631,-3.29835473005212,0.376135202912662,0.684228063173497,-0.527427895357368,-5.78259110622522,2.61134768473233,-5.21717825245483,-0.308283199078988,0.00183903900327875,-1.51538854007305,-7.2358979060194,2.36921688041994,-6.78045969874746,-0.971692610515479,-0.680675312635857,-2.40007796008072,-8.19609022140503,1.96562786102295,-7.8816640218099,-1.5688827763433,-1.316802766588,-3.12120603342525,-8.59773253288142,1.42808455125087,-8.44574596685163,-2.05915617366471,-1.86319228811663,-3.62962907362871,-8.41345358066674,0.79321963933235,-8.43426428150757,-2.40910148066733,-2.28260833428095,-3.89069889071001,-7.65581167081907,0.104298119850764,-7.84800142365951,-2.59487050299092,-2.54646839465266,-3.88662400807336,-6.37643884743207,-0.591731144137858,-6.72691023822462,-2.60380338876193,-2.63679084216678,-3.61768212223636,-4.66252225415599,-1.24743490853544,-5.14739123679951,-2.43529137657737,-2.54742035129013,-3.10220117827134,-2.63086247444153,-1.81812804539998,-3.21708602905273,-2.10081828158835,-2.28444737328423,-2.37531035063697
"29",2006,-0.692184567451477,6.01833642323812,7.94416961669922,3.68424216560695,6.66028082105849,4.73176530931817,-0.576596111907278,6.32200850851875,6.94716841281425,3.1620723115933,5.75307534035604,4.09283364795911,-0.421713584206725,6.19484616155686,5.47672916233463,2.42441245511613,4.45380728261486,3.17498213721904,-0.238091972657134,5.6455152861522,3.63305987016477,1.52153289635381,2.85101961882802,2.04076084073355,-0.0382447866365474,4.7114518736514,1.54180355175849,0.514963385156976,1.05393967955073,0.767465065468824,0.164208718390822,3.45631080200362,-0.654524130749282,-0.526700029721072,-0.81496450717026,-0.558132185711616,0.355471670627594,1.96562786102295,-2.80624707539876,-1.53246970798658,-2.62833020952013,-1.84569365079286,0.522509815955807,0.340990629667196,-4.76672891940238,-2.43380410817874,-4.26257955161224,-3.00747414372554,0.65393978081493,-1.30688454958672,-6.40236606494072,-3.16927878044998,-5.60634114150775,-3.96430024384934,0.740804830298099,-2.86569770651513,-7.60169254356354,-3.68877234131437,-6.5680398475263,-4.65096583367072,0.777185254834319,-4.22921830053391,-8.28297623773339,-3.95688216310271,-7.08213749213499,-5.02067578801189,0.760601788612941,-5.30452465648501,-8.39978878956715,-3.95533700453255,-7.11359917044026,-5.04823498445909,0.692184567451477,-6.01833642323812,-7.94416961669922,-3.68424216560695,-6.66028082105849,-4.73176530931817
"30",2007,3.88515937328339,1.58125321070353,1.67041982014974,2.3826118759487,1.61097541385227,2.20748268189977,0.819932118553997,-0.0884115555895157,0.511796042767584,0.227534070199532,0.111657643862851,0.29743455525725,-2.30117215505296,-1.75205122047614,-0.681705789146234,-1.9430498064159,-1.39526941003284,-1.63288324479221,-5.26545534915984,-3.29629149008886,-1.82875049810182,-3.98121804976572,-2.80711115942651,-3.45192275017624,-7.87090646279787,-4.61589494203127,-2.85116888276485,-5.74807286229792,-4.0276529222758,-5.03571942470782,-9.93996830828416,-5.62093278180131,-3.67928481984682,-7.12320600840404,-4.97371679448315,-6.27634014236538,-11.3316377401352,-6.24291334152222,-4.25666357676188,-8.01290443669195,-5.5808300866021,-7.08923865146324,-11.9510747864128,-6.43944967392048,-4.54395774538978,-8.35653666956998,-5.80761903107691,-7.41901726198468,-11.7560658360813,-6.1971481527348,-4.52158870291459,-8.13068473824661,-5.63862833612807,-7.24320210660759,-10.7599004268382,-5.5325212262118,-4.1910808626144,-7.35074007860357,-5.085374438346,-6.57377469762263,-9.03046558508224,-4.49086212104608,-3.57495778761565,-6.06985463027604,-4.18556067656927,-5.45635540667103,-6.68561943725295,-3.14315818383162,-2.71520724728796,-4.37531861980426,-3.0005078716504,-3.96709451180845,-3.88515937328339,-1.58125321070353,-1.67041982014974,-2.3826118759487,-1.61097541385227,-2.20748268189977
"31",2008,-6.05507481098175,-5.56937185923258,-1.74708003997803,-5.73831201636273,-4.29527458614773,-4.75686153036649,-8.54370557401181,-6.5212609189069,-3.38755864665634,-7.22471992937817,-5.47669349482338,-6.28115567952854,-10.450096921314,-7.02873682385093,-4.79718072977038,-8.2187751186207,-6.28488479249075,-7.37739944923127,-11.6443314330303,-7.05721592978632,-5.87988287386655,-8.65273436569729,-6.66477157781306,-7.97088563819793,-12.0450240007532,-6.60475743270753,-6.56188071707461,-8.49702406507124,-6.59046519416322,-8.02116914343273,-11.6248680881681,-5.70219563146744,-6.79669723343464,-7.76225561640679,-6.06702949878984,-7.52482322715134,-10.4124966263771,-4.41103862126668,-6.56833006540934,-6.49850227521813,-5.13013576931424,-6.51567304329794,-8.49053072696282,-2.81927661861259,-5.89234205810506,-4.79188674325615,-3.84363176511008,-5.0624905092026,-5.98994918977146,-1.03538557347494,-4.81480067709658,-2.75871204870851,-2.29519060801549,-3.26430761306624,-3.08116251415625,0.819065287439459,-3.4091385867783,-0.537535687028615,-0.59033600396646,-1.2436675476228,0.0376002949369001,2.61769820258425,-1.77114933563897,1.72027284340256,1.15474902317651,0.861726405933332,3.15380070606753,4.23793931117374,-0.0124591842385091,3.86084762244114,2.82113981270299,2.90839512899533,6.05507481098175,5.56937185923258,1.74708003997803,5.73831201636273,4.29527458614773,4.75686153036649
"32",2009,3.90898734331131,1.93562838236491,-1.38833001454671,2.62201410791148,0.827642250061035,1.63586391386439,4.43648885879341,1.53773876470422,-1.56910732656177,2.54599966699611,0.502123400948892,1.53408811120319,4.66165099019323,1.03505479146241,-1.64295256734411,2.29647955623835,0.142385671860235,1.32776673896397,4.56912931035389,0.461833544691347,-1.60483330576944,1.89045815883484,-0.227055405462248,1.03096025770264,4.16522901885714,-0.14286089493441,-1.45734730651901,1.35560516203656,-0.581023032129278,0.663895538621257,3.47747525309168,-0.737819600659178,-1.21054549670961,0.728369913688946,-0.895394899342657,0.251587435722087,2.55273729562759,-1.28249711990356,-0.881247011820475,0.0514974594116211,-1.14874708387587,-0.177865935153648,1.45403451006433,-1.73977457985322,-0.491892999405316,-0.62888446162103,-1.32381405303725,-0.595198036486018,0.256241675545829,-2.07848927729932,-0.0690172919723011,-1.26640894587492,-1.40866528219031,-0.971968375243128,-0.959013605701734,-2.2755583653634,0.358561829852159,-1.81762975330717,-1.39751830029155,-1.28250067548111,-2.10891369456564,-2.31755191136597,0.761705555523634,-2.24498209682673,-1.2911327557361,-1.50563267411762,-3.11509480028956,-2.20160812454457,1.11294030636412,-2.51934262045587,-1.09675864757501,-1.62615829418866,-3.90898734331131,-1.93562838236491,1.38833001454671,-2.62201410791148,-0.827642250061035,-1.63586391386439
"33",2010,-7.92812216281891,-3.18708051045736,-2.36999683380127,-4.83613847649616,-2.91471928490533,-4.22971020370233,-7.61460462131065,-3.91360544688531,-1.8413755181859,-5.200909507555,-3.22286213731884,-4.37479459213637,-6.78216435858919,-4.37342463964684,-1.18726750402308,-5.21124715058331,-3.31137226110559,-4.2217439588062,-5.48753080288641,-4.53520217064237,-0.452249171513416,-4.86644691229247,-3.17421783759938,-3.78098845144516,-3.81893109154035,-4.38791316848457,0.313589194657799,-4.19000635911267,-2.82074571410378,-3.08256482949698,-1.89007753738784,-3.94159513526392,1.05805697544373,-3.22802379687224,-2.2750444316947,-2.17406950859782,0.167581677436829,-3.22666390736898,1.730419921875,-2.04605674743652,-1.57430263095432,-1.11741494350746,2.213820477886,-2.29184086650107,2.28485761028462,-0.724654311931653,-0.766274707572505,0.0153896033674299,4.10919107127856,-1.20083265802722,2.68358602845907,0.646132117383488,0.0939735708015457,1.14714537420535,5.7245270839228,-0.0279896883786064,2.89943249362963,1.97288571068275,0.94781770562414,2.20072508353854,6.94974603602602,1.14676073227786,2.91768742589809,3.16519040314678,1.73706963015127,3.10432901529874,7.70135128077241,2.2433613041413,2.73710678179803,4.14179260036082,2.40794313002688,3.79637805481259,7.92812216281891,3.18708051045736,2.36999683380127,4.83613847649616,2.91471928490533,4.22971020370233
"34",2011,2.08242499828339,-4.51458050409953,4.93208662668864,-2.21996989457504,-1.36569146050347,-0.461267471313477,0.369079942615268,-3.86942426203318,6.23401491574108,-2.39516192998154,-0.501611202775093,-0.273233197426801,-1.36941730120864,-2.9605731510352,7.11110539048251,-2.40712763805205,0.396653029470704,-0.0665785326746973,-3.01459101902427,-1.84996387237264,7.50358578451986,-2.25505157555581,1.26788601325819,0.14461334905296,-4.4543253407406,-0.613282613017729,7.384709207604,-1.94929747483438,2.05271466052285,0.345950070027516,-5.59050475160613,0.665192842916901,6.7625769019989,-1.51070197256937,2.69765419594423,0.52371086543922,-6.34570050239563,1.89833650588989,5.67958615620931,-0.969154627426811,3.15875305599636,0.665781630844366,-6.66844725071278,3.00211167313589,4.20954099983396,-0.361560996028862,3.40458811536858,0.762480478363636,-6.53675033902398,3.9012978910818,2.45262258091536,0.270672419740657,3.41840612102632,0.807217541340993,-5.9595846942214,4.53461710495008,0.52856198625782,0.884459957412173,3.19926539871933,0.796944062866021,-4.97628320118699,4.85890965692509,-1.4315192342732,1.43797301062524,2.76210002652566,0.732360163519064,-3.65385623168851,4.85207554550853,-3.2940447846859,1.89349057952695,2.13670210211039,0.617867129310677,-2.08242499828339,4.51458050409953,-4.93208662668864,2.21996989457504,1.36569146050347,0.461267471313477
"35",2012,3.93828451633453,-0.611247094472249,0.0820862452189126,0.971198683199675,-0.380135981241862,0.752564477138832,2.43093506719775,-1.25757851015244,-0.639364211014741,0.025382734143279,-1.05150707710654,-0.138079629420168,0.757921410541588,-1.81820802861249,-1.31724305286706,-0.922163006298031,-1.65121970336401,-1.01931383742156,-0.966743337718632,-2.25492967465344,-1.90535395751355,-1.80686486180655,-2.13840443560681,-1.83108349189844,-2.62552612513223,-2.53798158981424,-2.36361813870179,-2.56843186296832,-2.47986043944342,-2.51806783241098,-4.10538364600514,-2.64807425384208,-2.66080564980116,-3.15496447720314,-2.65231805249511,-3.03345001144856,-5.30546605587006,-2.5777050336202,-2.77666365305583,-3.52649147614189,-2.64402457343207,-3.34210758521909,-6.14398972172464,-2.33166947521608,-2.70329661700838,-3.65769390878428,-2.45554518914685,-3.42300605015086,-6.56381064146677,-1.92673449534199,-2.4457043839207,-3.539630546168,-2.09972445820156,-3.27063230954981,-6.53631871320289,-1.39049574368964,-2.02144143878642,-3.18034721134642,-1.60081097538857,-2.89537038202839,-6.06338746641165,-0.759497005007705,-1.45942060018877,-2.60432846984386,-0.99280487006806,-2.32279374779753,-5.177246384006,-0.0767398005626413,-0.797942659494831,-1.85082904697772,-0.317140753540038,-1.59192255825242,-3.93828451633453,0.611247094472249,-0.0820862452189129,-0.971198683199675,0.380135981241862,-0.752564477138832
"36",2013,-3.41718423366547,-2.14916346867879,-4.64583015441895,-2.59021416954372,-2.98138569725884,-3.09569351008681,-3.34078168693992,-1.55554372943158,-5.42326521042083,-2.17649606247796,-2.84478422309466,-2.97488191852948,-3.03671038915218,-0.855916255681156,-5.83111370470204,-1.61445334558412,-2.51431540535479,-2.65133704044918,-2.52569229674493,-0.097959503574556,-5.84158143637883,-0.942388301199033,-2.01250014784265,-2.1471079246039,-1.84255244821837,0.666673026814916,-5.45395504683617,-0.206101051457532,-1.37353633106878,-1.49655695196048,-1.03384569530763,1.38587289215622,-4.6946506339385,0.544231644342708,-0.640968283208686,-0.744018096218245,-0.154684066772461,2.01062781016032,-3.61541353861491,1.25747585296631,0.13528069390191,0.0592243632332223,0.735019025285742,2.49836176562155,-2.28979198538808,1.88502516028736,0.902310515285007,0.858430780203233,1.57463178544709,2.81583649549371,-0.808124892417231,2.38411311808619,1.60784936619006,1.59913655812633,2.30693599163229,2.9414166215878,0.728614576482327,2.72072770682066,2.20381593988597,2.23086382231124,2.88202632237972,2.86654406584148,2.21570016608713,2.87192919855043,2.6495960992567,2.71056140368241,3.26071132203067,2.59632126919611,3.55178945099075,2.82741346148639,2.91481066312766,3.00553870480714,3.41718423366547,2.14916346867879,4.64583015441895,2.59021416954372,2.98138569725884,3.09569351008681
"37",2014,-4.90702801942825,-12.247705078125,-8.28624706268311,-9.694426101187,-10.9272190729777,-9.34815256712867,-5.77206749852791,-12.1421969211499,-7.2715492209616,-9.92649973067267,-10.5186476877538,-9.27364304795683,-6.24375011639543,-11.2092181099276,-5.76130731663481,-9.48209880782942,-9.39324784549664,-8.56715008048648,-6.28993148211554,-9.51234960862244,-3.85844183968988,-8.39150852114178,-7.62771368564492,-7.2768199929159,-5.90746441193273,-7.1672302013907,-1.6926299277467,-6.72905079636184,-5.34236344350937,-5.49058664834172,-5.12241340462323,-4.33367590034212,0.588531916569198,-4.60801938009207,-2.69293996137168,-3.33017889730651,-3.98827838897705,-1.20478874842326,2.82958628336589,-2.1729590581811,0.14000292883979,-0.942824957800693,-2.58234879206376,2.0062027656931,4.87780902106362,0.410184832560279,2.9634048508166,1.50878094448733,-1.00043639250447,5.0804748767343,6.5936171349364,2.96537530482516,5.58485562946833,3.85756591878694,0.64965409390468,7.80852102080776,7.86008113753079,5.3184803505806,7.8257077263821,5.94346415065032,2.25547172741838,10.0044293615043,8.5908936000007,7.30913974964832,9.53325077433643,7.62432512268579,3.70758269005179,11.5185523743155,8.73625086075349,8.80169335370206,10.5911185364615,8.78560093740323,4.90702801942825,12.247705078125,8.28624706268311,9.694426101187,10.9272190729777,9.34815256712867
"38",2015,-8.11132812965661,-9.91229168912396,-0.594583336884777,-9.28586958148314,-6.80638890504423,-7.14866804592617,-9.84968582983335,-10.8664230186923,-1.01280599723141,-10.5127753008283,-7.5818840115387,-8.17671727535369,-10.9168037180824,-11.08002557715,-1.36200760260778,-11.0232527566047,-7.84068625230257,-8.64753673513006,-11.2399594738153,-10.5385427031328,-1.61839064069041,-10.782513753805,-7.56515868231868,-8.52904085713746,-10.7971305663189,-9.27887555966245,-1.76448303112698,-9.80696425762991,-6.77407805015062,-7.82930493963739,-9.61849505382984,-7.38686838086796,-1.79032881893832,-8.16308635407209,-5.52135519355808,-6.59601482903919,-7.78437499873689,-4.9914583292945,-1.69416665639728,-5.96290760562229,-3.89236110499543,-4.91321720827188,-5.41976265176796,-2.25588864135453,-1.48254983596555,-3.35636655802007,-1.9981090395582,-2.89559195423617,-2.6858024366623,0.63341612946151,-1.1698996942422,-0.521094676146772,0.0323108548936069,-0.680636893711221,0.231190776003506,3.47955463782439,-0.777522821706907,2.34968894675626,2.06052881798063,1.5807024463145,3.1324287193455,6.08856724785546,-0.332159053789504,5.06034515098243,3.94832514730714,3.73431952685818,5.82019682204731,8.2826540617783,0.135840804724864,7.42614719578491,5.56704964276049,5.63344890290129,8.11132812965661,9.91229168912396,0.594583336884777,9.28586958148314,6.80638890504423,7.14866804592617
"39",2016,-1.67304687781143,-2.88750000221965,2.55000000474975,-2.46508152416462,-1.07499999989652,-1.23186475475945,-2.26945617358816,-4.19649330411464,3.21055869620746,-3.52621951958369,-1.72747597067394,-1.86963471242193,-2.71120578158852,-5.21950252236731,3.65232311821774,-4.34705148209642,-2.26222730883896,-2.37999215415032,-2.96819119605301,-5.88681126935639,3.84518775547082,-4.87163906994652,-2.64281159441399,-2.72815706369635,-3.02289928567437,-6.15294355675443,3.77600920166178,-5.06423250594398,-2.84329263728236,-2.8904025778442,-2.87160178455429,-5.99976290897966,3.44950186090973,-4.91170686570127,-2.8500079856832,-2.85567193292807,-2.52460936736315,-5.43770833403493,2.88791666890805,-4.4244565195404,-2.6624999997206,-2.6263319650039,-2.00556899390047,-4.50508292236363,2.12952472842823,-3.63568677333296,-2.29354703876634,-2.21801181388349,-1.34985240786294,-3.26544355453478,1.22600919691203,-2.59915098177936,-1.76829263738584,-1.65853782308475,-0.602145610966123,-1.80326960486502,0.238943164702274,-1.38548734611758,-1.12253201500925,-0.986037220506137,0.18659641422536,-0.218205811667624,-0.764406449309693,-0.077405037443977,-0.400272690881647,-0.246339810853579,0.962622202152541,1.38172834699276,-1.71566302704259,1.23595229661356,0.349264555647646,0.510145249812864,1.67304687781143,2.88750000221965,-2.55000000474975,2.46508152416462,1.07499999989652,1.23186475475945
